solid OpenSCAD_Model
  facet normal 0.989177 0.146729 0
    outer loop
      vertex 8.55415 0.84251 7.5
      vertex 8.43038 1.67691 -7.5
      vertex 8.43038 1.67691 7.5
    endloop
  endfacet
  facet normal 0.989177 0.146729 0
    outer loop
      vertex 8.43038 1.67691 -7.5
      vertex 8.55415 0.84251 7.5
      vertex 8.55415 0.84251 -7.5
    endloop
  endfacet
  facet normal 0.998795 0.0490678 0
    outer loop
      vertex 8.59554 0 7.5
      vertex 8.55415 0.84251 -7.5
      vertex 8.55415 0.84251 7.5
    endloop
  endfacet
  facet normal 0.998795 0.0490678 0
    outer loop
      vertex 8.55415 0.84251 -7.5
      vertex 8.59554 0 7.5
      vertex 8.59554 0 -7.5
    endloop
  endfacet
  facet normal 0.970031 0.242982 0
    outer loop
      vertex 8.43038 1.67691 7.5
      vertex 8.22542 2.49515 -7.5
      vertex 8.22542 2.49515 7.5
    endloop
  endfacet
  facet normal 0.970031 0.242982 0
    outer loop
      vertex 8.22542 2.49515 -7.5
      vertex 8.43038 1.67691 7.5
      vertex 8.43038 1.67691 -7.5
    endloop
  endfacet
  facet normal 0.336894 -0.941543 0
    outer loop
      vertex 2.49515 -8.22542 -7.5
      vertex 3.28937 -7.94124 7.5
      vertex 2.49515 -8.22542 7.5
    endloop
  endfacet
  facet normal 0.336894 -0.941543 0
    outer loop
      vertex 3.28937 -7.94124 7.5
      vertex 2.49515 -8.22542 -7.5
      vertex 3.28937 -7.94124 -7.5
    endloop
  endfacet
  facet normal 0.671562 0.740949 -0
    outer loop
      vertex 6.07796 6.07796 -7.5
      vertex 5.45295 6.64444 7.5
      vertex 6.07796 6.07796 7.5
    endloop
  endfacet
  facet normal 0.671562 0.740949 0
    outer loop
      vertex 5.45295 6.64444 7.5
      vertex 6.07796 6.07796 -7.5
      vertex 5.45295 6.64444 -7.5
    endloop
  endfacet
  facet normal 0.941543 0.336894 0
    outer loop
      vertex 8.22542 2.49515 7.5
      vertex 7.94124 3.28937 -7.5
      vertex 7.94124 3.28937 7.5
    endloop
  endfacet
  facet normal 0.941543 0.336894 0
    outer loop
      vertex 7.94124 3.28937 -7.5
      vertex 8.22542 2.49515 7.5
      vertex 8.22542 2.49515 -7.5
    endloop
  endfacet
  facet normal -0.514102 -0.857729 0
    outer loop
      vertex -4.77543 -7.14693 -7.5
      vertex -4.05191 -7.58059 7.5
      vertex -4.77543 -7.14693 7.5
    endloop
  endfacet
  facet normal -0.514102 -0.857729 -0
    outer loop
      vertex -4.05191 -7.58059 7.5
      vertex -4.77543 -7.14693 -7.5
      vertex -4.05191 -7.58059 -7.5
    endloop
  endfacet
  facet normal 0.740949 0.671562 0
    outer loop
      vertex 6.64444 5.45295 7.5
      vertex 6.07796 6.07796 -7.5
      vertex 6.07796 6.07796 7.5
    endloop
  endfacet
  facet normal 0.740949 0.671562 0
    outer loop
      vertex 6.07796 6.07796 -7.5
      vertex 6.64444 5.45295 7.5
      vertex 6.64444 5.45295 -7.5
    endloop
  endfacet
  facet normal 0.514102 -0.857729 0
    outer loop
      vertex 4.05191 -7.58059 -7.5
      vertex 4.77543 -7.14693 7.5
      vertex 4.05191 -7.58059 7.5
    endloop
  endfacet
  facet normal 0.514102 -0.857729 0
    outer loop
      vertex 4.77543 -7.14693 7.5
      vertex 4.05191 -7.58059 -7.5
      vertex 4.77543 -7.14693 -7.5
    endloop
  endfacet
  facet normal -0.427551 0.903991 0
    outer loop
      vertex -3.28937 7.94124 -7.5
      vertex -4.05191 7.58059 7.5
      vertex -3.28937 7.94124 7.5
    endloop
  endfacet
  facet normal -0.427551 0.903991 0
    outer loop
      vertex -4.05191 7.58059 7.5
      vertex -3.28937 7.94124 -7.5
      vertex -4.05191 7.58059 -7.5
    endloop
  endfacet
  facet normal 0.989177 -0.146729 0
    outer loop
      vertex 8.43038 -1.67691 7.5
      vertex 8.55415 -0.84251 -7.5
      vertex 8.55415 -0.84251 7.5
    endloop
  endfacet
  facet normal 0.989177 -0.146729 0
    outer loop
      vertex 8.55415 -0.84251 -7.5
      vertex 8.43038 -1.67691 7.5
      vertex 8.43038 -1.67691 -7.5
    endloop
  endfacet
  facet normal 0.242982 -0.970031 0
    outer loop
      vertex 1.67691 -8.43038 -7.5
      vertex 2.49515 -8.22542 7.5
      vertex 1.67691 -8.43038 7.5
    endloop
  endfacet
  facet normal 0.242982 -0.970031 0
    outer loop
      vertex 2.49515 -8.22542 7.5
      vertex 1.67691 -8.43038 -7.5
      vertex 2.49515 -8.22542 -7.5
    endloop
  endfacet
  facet normal -0.242982 0.970031 0
    outer loop
      vertex -1.67691 8.43038 -7.5
      vertex -2.49515 8.22542 7.5
      vertex -1.67691 8.43038 7.5
    endloop
  endfacet
  facet normal -0.242982 0.970031 0
    outer loop
      vertex -2.49515 8.22542 7.5
      vertex -1.67691 8.43038 -7.5
      vertex -2.49515 8.22542 -7.5
    endloop
  endfacet
  facet normal -0.941543 -0.336894 0
    outer loop
      vertex -7.94124 -3.28937 -7.5
      vertex -8.22542 -2.49515 7.5
      vertex -8.22542 -2.49515 -7.5
    endloop
  endfacet
  facet normal -0.941543 -0.336894 0
    outer loop
      vertex -8.22542 -2.49515 7.5
      vertex -7.94124 -3.28937 -7.5
      vertex -7.94124 -3.28937 7.5
    endloop
  endfacet
  facet normal 0.803204 -0.595705 0
    outer loop
      vertex 6.64444 -5.45295 7.5
      vertex 7.14693 -4.77543 -7.5
      vertex 7.14693 -4.77543 7.5
    endloop
  endfacet
  facet normal 0.803204 -0.595705 0
    outer loop
      vertex 7.14693 -4.77543 -7.5
      vertex 6.64444 -5.45295 7.5
      vertex 6.64444 -5.45295 -7.5
    endloop
  endfacet
  facet normal -0.514102 0.857729 0
    outer loop
      vertex -4.05191 7.58059 -7.5
      vertex -4.77543 7.14693 7.5
      vertex -4.05191 7.58059 7.5
    endloop
  endfacet
  facet normal -0.514102 0.857729 0
    outer loop
      vertex -4.77543 7.14693 7.5
      vertex -4.05191 7.58059 -7.5
      vertex -4.77543 7.14693 -7.5
    endloop
  endfacet
  facet normal -0.146729 -0.989177 0
    outer loop
      vertex -1.67691 -8.43038 -7.5
      vertex -0.84251 -8.55415 7.5
      vertex -1.67691 -8.43038 7.5
    endloop
  endfacet
  facet normal -0.146729 -0.989177 -0
    outer loop
      vertex -0.84251 -8.55415 7.5
      vertex -1.67691 -8.43038 -7.5
      vertex -0.84251 -8.55415 -7.5
    endloop
  endfacet
  facet normal 0.595705 -0.803204 0
    outer loop
      vertex 4.77543 -7.14693 -7.5
      vertex 5.45295 -6.64444 7.5
      vertex 4.77543 -7.14693 7.5
    endloop
  endfacet
  facet normal 0.595705 -0.803204 0
    outer loop
      vertex 5.45295 -6.64444 7.5
      vertex 4.77543 -7.14693 -7.5
      vertex 5.45295 -6.64444 -7.5
    endloop
  endfacet
  facet normal -0.242982 -0.970031 0
    outer loop
      vertex -2.49515 -8.22542 -7.5
      vertex -1.67691 -8.43038 7.5
      vertex -2.49515 -8.22542 7.5
    endloop
  endfacet
  facet normal -0.242982 -0.970031 -0
    outer loop
      vertex -1.67691 -8.43038 7.5
      vertex -2.49515 -8.22542 -7.5
      vertex -1.67691 -8.43038 -7.5
    endloop
  endfacet
  facet normal 0.903991 -0.427551 0
    outer loop
      vertex 7.58059 -4.05191 7.5
      vertex 7.94124 -3.28937 -7.5
      vertex 7.94124 -3.28937 7.5
    endloop
  endfacet
  facet normal 0.903991 -0.427551 0
    outer loop
      vertex 7.94124 -3.28937 -7.5
      vertex 7.58059 -4.05191 7.5
      vertex 7.58059 -4.05191 -7.5
    endloop
  endfacet
  facet normal 0.514102 0.857729 -0
    outer loop
      vertex 4.77543 7.14693 -7.5
      vertex 4.05191 7.58059 7.5
      vertex 4.77543 7.14693 7.5
    endloop
  endfacet
  facet normal 0.514102 0.857729 0
    outer loop
      vertex 4.05191 7.58059 7.5
      vertex 4.77543 7.14693 -7.5
      vertex 4.05191 7.58059 -7.5
    endloop
  endfacet
  facet normal -0.857729 -0.514102 0
    outer loop
      vertex -7.14693 -4.77543 -7.5
      vertex -7.58059 -4.05191 7.5
      vertex -7.58059 -4.05191 -7.5
    endloop
  endfacet
  facet normal -0.857729 -0.514102 0
    outer loop
      vertex -7.58059 -4.05191 7.5
      vertex -7.14693 -4.77543 -7.5
      vertex -7.14693 -4.77543 7.5
    endloop
  endfacet
  facet normal 0.970031 -0.242982 0
    outer loop
      vertex 8.22542 -2.49515 7.5
      vertex 8.43038 -1.67691 -7.5
      vertex 8.43038 -1.67691 7.5
    endloop
  endfacet
  facet normal 0.970031 -0.242982 0
    outer loop
      vertex 8.43038 -1.67691 -7.5
      vertex 8.22542 -2.49515 7.5
      vertex 8.22542 -2.49515 -7.5
    endloop
  endfacet
  facet normal -0.857729 0.514102 0
    outer loop
      vertex -7.58059 4.05191 -7.5
      vertex -7.14693 4.77543 7.5
      vertex -7.14693 4.77543 -7.5
    endloop
  endfacet
  facet normal -0.857729 0.514102 0
    outer loop
      vertex -7.14693 4.77543 7.5
      vertex -7.58059 4.05191 -7.5
      vertex -7.58059 4.05191 7.5
    endloop
  endfacet
  facet normal 0 0 -1
    outer loop
      vertex 6.09554 0 -7.5
      vertex 8.59554 0 -7.5
      vertex 8.55415 -0.84251 -7.5
    endloop
  endfacet
  facet normal 0 0 -1
    outer loop
      vertex 6.06619 -0.597467 -7.5
      vertex 8.55415 -0.84251 -7.5
      vertex 8.43038 -1.67691 -7.5
    endloop
  endfacet
  facet normal 0 0 -1
    outer loop
      vertex 8.59554 0 -7.5
      vertex 6.09554 0 -7.5
      vertex 8.55415 0.84251 -7.5
    endloop
  endfacet
  facet normal 0 0 -1
    outer loop
      vertex 5.97842 -1.18918 -7.5
      vertex 8.43038 -1.67691 -7.5
      vertex 8.22542 -2.49515 -7.5
    endloop
  endfacet
  facet normal 0 0 -1
    outer loop
      vertex 6.06619 0.597467 -7.5
      vertex 8.55415 0.84251 -7.5
      vertex 6.09554 0 -7.5
    endloop
  endfacet
  facet normal 0 0 -1
    outer loop
      vertex 5.83307 -1.76944 -7.5
      vertex 8.22542 -2.49515 -7.5
      vertex 7.94124 -3.28937 -7.5
    endloop
  endfacet
  facet normal -0 0 -1
    outer loop
      vertex 8.55415 0.84251 -7.5
      vertex 6.06619 0.597467 -7.5
      vertex 8.43038 1.67691 -7.5
    endloop
  endfacet
  facet normal 0 0 -1
    outer loop
      vertex 5.63155 -2.33266 -7.5
      vertex 7.94124 -3.28937 -7.5
      vertex 7.58059 -4.05191 -7.5
    endloop
  endfacet
  facet normal 0 0 -1
    outer loop
      vertex 5.97842 1.18918 -7.5
      vertex 8.43038 1.67691 -7.5
      vertex 6.06619 0.597467 -7.5
    endloop
  endfacet
  facet normal 0 0 -1
    outer loop
      vertex 5.37579 -2.87342 -7.5
      vertex 7.58059 -4.05191 -7.5
      vertex 7.14693 -4.77543 -7.5
    endloop
  endfacet
  facet normal -0 0 -1
    outer loop
      vertex 8.43038 1.67691 -7.5
      vertex 5.97842 1.18918 -7.5
      vertex 8.22542 2.49515 -7.5
    endloop
  endfacet
  facet normal 0 0 -1
    outer loop
      vertex 5.06826 -3.3865 -7.5
      vertex 7.14693 -4.77543 -7.5
      vertex 6.64444 -5.45295 -7.5
    endloop
  endfacet
  facet normal 0 0 -1
    outer loop
      vertex 5.83307 1.76944 -7.5
      vertex 8.22542 2.49515 -7.5
      vertex 5.97842 1.18918 -7.5
    endloop
  endfacet
  facet normal -0 0 -1
    outer loop
      vertex 8.22542 2.49515 -7.5
      vertex 5.83307 1.76944 -7.5
      vertex 7.94124 3.28937 -7.5
    endloop
  endfacet
  facet normal 0 0 -1
    outer loop
      vertex 4.71192 -3.86697 -7.5
      vertex 6.64444 -5.45295 -7.5
      vertex 6.07796 -6.07796 -7.5
    endloop
  endfacet
  facet normal 0 0 -1
    outer loop
      vertex 8.55415 -0.84251 -7.5
      vertex 6.06619 -0.597467 -7.5
      vertex 6.09554 0 -7.5
    endloop
  endfacet
  facet normal 0 0 -1
    outer loop
      vertex 8.43038 -1.67691 -7.5
      vertex 5.97842 -1.18918 -7.5
      vertex 6.06619 -0.597467 -7.5
    endloop
  endfacet
  facet normal 0 0 -1
    outer loop
      vertex 8.22542 -2.49515 -7.5
      vertex 5.83307 -1.76944 -7.5
      vertex 5.97842 -1.18918 -7.5
    endloop
  endfacet
  facet normal 0 0 -1
    outer loop
      vertex 7.94124 -3.28937 -7.5
      vertex 5.63155 -2.33266 -7.5
      vertex 5.83307 -1.76944 -7.5
    endloop
  endfacet
  facet normal 0 0 -1
    outer loop
      vertex 4.3102 -4.3102 -7.5
      vertex 6.07796 -6.07796 -7.5
      vertex 5.45295 -6.64444 -7.5
    endloop
  endfacet
  facet normal 0 0 -1
    outer loop
      vertex 7.58059 -4.05191 -7.5
      vertex 5.37579 -2.87342 -7.5
      vertex 5.63155 -2.33266 -7.5
    endloop
  endfacet
  facet normal 0 0 -1
    outer loop
      vertex 7.14693 -4.77543 -7.5
      vertex 5.06826 -3.3865 -7.5
      vertex 5.37579 -2.87342 -7.5
    endloop
  endfacet
  facet normal 0 0 -1
    outer loop
      vertex 3.86697 -4.71192 -7.5
      vertex 5.45295 -6.64444 -7.5
      vertex 4.77543 -7.14693 -7.5
    endloop
  endfacet
  facet normal 0 0 -1
    outer loop
      vertex 6.64444 -5.45295 -7.5
      vertex 4.71192 -3.86697 -7.5
      vertex 5.06826 -3.3865 -7.5
    endloop
  endfacet
  facet normal 0 0 -1
    outer loop
      vertex 6.07796 -6.07796 -7.5
      vertex 4.3102 -4.3102 -7.5
      vertex 4.71192 -3.86697 -7.5
    endloop
  endfacet
  facet normal 0 0 -1
    outer loop
      vertex 3.3865 -5.06826 -7.5
      vertex 4.77543 -7.14693 -7.5
      vertex 4.05191 -7.58059 -7.5
    endloop
  endfacet
  facet normal 0 0 -1
    outer loop
      vertex 5.45295 -6.64444 -7.5
      vertex 3.86697 -4.71192 -7.5
      vertex 4.3102 -4.3102 -7.5
    endloop
  endfacet
  facet normal 0 0 -1
    outer loop
      vertex 4.77543 -7.14693 -7.5
      vertex 3.3865 -5.06826 -7.5
      vertex 3.86697 -4.71192 -7.5
    endloop
  endfacet
  facet normal 0 0 -1
    outer loop
      vertex 2.87342 -5.37579 -7.5
      vertex 4.05191 -7.58059 -7.5
      vertex 3.28937 -7.94124 -7.5
    endloop
  endfacet
  facet normal 0 0 -1
    outer loop
      vertex 4.05191 -7.58059 -7.5
      vertex 2.87342 -5.37579 -7.5
      vertex 3.3865 -5.06826 -7.5
    endloop
  endfacet
  facet normal 0 0 -1
    outer loop
      vertex 2.33266 -5.63155 -7.5
      vertex 3.28937 -7.94124 -7.5
      vertex 2.49515 -8.22542 -7.5
    endloop
  endfacet
  facet normal 0 0 -1
    outer loop
      vertex 3.28937 -7.94124 -7.5
      vertex 2.33266 -5.63155 -7.5
      vertex 2.87342 -5.37579 -7.5
    endloop
  endfacet
  facet normal 0 0 -1
    outer loop
      vertex 2.49515 -8.22542 -7.5
      vertex 1.76944 -5.83307 -7.5
      vertex 2.33266 -5.63155 -7.5
    endloop
  endfacet
  facet normal 0 0 -1
    outer loop
      vertex 1.67691 -8.43038 -7.5
      vertex 1.76944 -5.83307 -7.5
      vertex 2.49515 -8.22542 -7.5
    endloop
  endfacet
  facet normal 0 0 -1
    outer loop
      vertex 1.67691 -8.43038 -7.5
      vertex 1.18918 -5.97842 -7.5
      vertex 1.76944 -5.83307 -7.5
    endloop
  endfacet
  facet normal 0 0 -1
    outer loop
      vertex 0.84251 -8.55415 -7.5
      vertex 1.18918 -5.97842 -7.5
      vertex 1.67691 -8.43038 -7.5
    endloop
  endfacet
  facet normal 0 0 -1
    outer loop
      vertex 0.84251 -8.55415 -7.5
      vertex 0.597467 -6.06619 -7.5
      vertex 1.18918 -5.97842 -7.5
    endloop
  endfacet
  facet normal 0 0 -1
    outer loop
      vertex 0 -8.59554 -7.5
      vertex 0.597467 -6.06619 -7.5
      vertex 0.84251 -8.55415 -7.5
    endloop
  endfacet
  facet normal 0 0 -1
    outer loop
      vertex 0 -8.59554 -7.5
      vertex 0 -6.09554 -7.5
      vertex 0.597467 -6.06619 -7.5
    endloop
  endfacet
  facet normal 0 0 -1
    outer loop
      vertex 0 -8.59554 -7.5
      vertex -0.597467 -6.06619 -7.5
      vertex 0 -6.09554 -7.5
    endloop
  endfacet
  facet normal 0 0 -1
    outer loop
      vertex -0.84251 -8.55415 -7.5
      vertex -0.597467 -6.06619 -7.5
      vertex 0 -8.59554 -7.5
    endloop
  endfacet
  facet normal 0 0 -1
    outer loop
      vertex -0.84251 -8.55415 -7.5
      vertex -1.18918 -5.97842 -7.5
      vertex -0.597467 -6.06619 -7.5
    endloop
  endfacet
  facet normal 0 0 -1
    outer loop
      vertex -1.67691 -8.43038 -7.5
      vertex -1.18918 -5.97842 -7.5
      vertex -0.84251 -8.55415 -7.5
    endloop
  endfacet
  facet normal 0 0 -1
    outer loop
      vertex -1.67691 -8.43038 -7.5
      vertex -1.76944 -5.83307 -7.5
      vertex -1.18918 -5.97842 -7.5
    endloop
  endfacet
  facet normal 0 0 -1
    outer loop
      vertex -2.49515 -8.22542 -7.5
      vertex -1.76944 -5.83307 -7.5
      vertex -1.67691 -8.43038 -7.5
    endloop
  endfacet
  facet normal -0 0 -1
    outer loop
      vertex -1.76944 -5.83307 -7.5
      vertex -2.49515 -8.22542 -7.5
      vertex -2.33266 -5.63155 -7.5
    endloop
  endfacet
  facet normal 0 0 -1
    outer loop
      vertex -3.28937 -7.94124 -7.5
      vertex -2.33266 -5.63155 -7.5
      vertex -2.49515 -8.22542 -7.5
    endloop
  endfacet
  facet normal -0 0 -1
    outer loop
      vertex -2.33266 -5.63155 -7.5
      vertex -3.28937 -7.94124 -7.5
      vertex -2.87342 -5.37579 -7.5
    endloop
  endfacet
  facet normal 0 0 -1
    outer loop
      vertex -4.05191 -7.58059 -7.5
      vertex -2.87342 -5.37579 -7.5
      vertex -3.28937 -7.94124 -7.5
    endloop
  endfacet
  facet normal -0 0 -1
    outer loop
      vertex -2.87342 -5.37579 -7.5
      vertex -4.05191 -7.58059 -7.5
      vertex -3.3865 -5.06826 -7.5
    endloop
  endfacet
  facet normal 0 0 -1
    outer loop
      vertex -4.77543 -7.14693 -7.5
      vertex -3.3865 -5.06826 -7.5
      vertex -4.05191 -7.58059 -7.5
    endloop
  endfacet
  facet normal -0 0 -1
    outer loop
      vertex -3.3865 -5.06826 -7.5
      vertex -4.77543 -7.14693 -7.5
      vertex -3.86697 -4.71192 -7.5
    endloop
  endfacet
  facet normal 0 0 -1
    outer loop
      vertex -5.45295 -6.64444 -7.5
      vertex -3.86697 -4.71192 -7.5
      vertex -4.77543 -7.14693 -7.5
    endloop
  endfacet
  facet normal -0 0 -1
    outer loop
      vertex -3.86697 -4.71192 -7.5
      vertex -5.45295 -6.64444 -7.5
      vertex -4.3102 -4.3102 -7.5
    endloop
  endfacet
  facet normal 0 0 -1
    outer loop
      vertex -6.07796 -6.07796 -7.5
      vertex -4.3102 -4.3102 -7.5
      vertex -5.45295 -6.64444 -7.5
    endloop
  endfacet
  facet normal -0 0 -1
    outer loop
      vertex -4.3102 -4.3102 -7.5
      vertex -6.07796 -6.07796 -7.5
      vertex -4.71192 -3.86697 -7.5
    endloop
  endfacet
  facet normal 0 0 -1
    outer loop
      vertex -6.64444 -5.45295 -7.5
      vertex -4.71192 -3.86697 -7.5
      vertex -6.07796 -6.07796 -7.5
    endloop
  endfacet
  facet normal -0 0 -1
    outer loop
      vertex -4.71192 -3.86697 -7.5
      vertex -6.64444 -5.45295 -7.5
      vertex -5.06826 -3.3865 -7.5
    endloop
  endfacet
  facet normal 0 0 -1
    outer loop
      vertex -7.14693 -4.77543 -7.5
      vertex -5.06826 -3.3865 -7.5
      vertex -6.64444 -5.45295 -7.5
    endloop
  endfacet
  facet normal -0 0 -1
    outer loop
      vertex -5.06826 -3.3865 -7.5
      vertex -7.14693 -4.77543 -7.5
      vertex -5.37579 -2.87342 -7.5
    endloop
  endfacet
  facet normal 0 0 -1
    outer loop
      vertex -7.58059 -4.05191 -7.5
      vertex -5.37579 -2.87342 -7.5
      vertex -7.14693 -4.77543 -7.5
    endloop
  endfacet
  facet normal -0 0 -1
    outer loop
      vertex -5.37579 -2.87342 -7.5
      vertex -7.58059 -4.05191 -7.5
      vertex -5.63155 -2.33266 -7.5
    endloop
  endfacet
  facet normal 0 0 -1
    outer loop
      vertex -7.94124 -3.28937 -7.5
      vertex -5.63155 -2.33266 -7.5
      vertex -7.58059 -4.05191 -7.5
    endloop
  endfacet
  facet normal -0 0 -1
    outer loop
      vertex -5.63155 -2.33266 -7.5
      vertex -7.94124 -3.28937 -7.5
      vertex -5.83307 -1.76944 -7.5
    endloop
  endfacet
  facet normal 0 0 -1
    outer loop
      vertex 5.63155 2.33266 -7.5
      vertex 7.94124 3.28937 -7.5
      vertex 5.83307 1.76944 -7.5
    endloop
  endfacet
  facet normal -0 0 -1
    outer loop
      vertex 7.94124 3.28937 -7.5
      vertex 5.63155 2.33266 -7.5
      vertex 7.58059 4.05191 -7.5
    endloop
  endfacet
  facet normal 0 0 -1
    outer loop
      vertex 5.37579 2.87342 -7.5
      vertex 7.58059 4.05191 -7.5
      vertex 5.63155 2.33266 -7.5
    endloop
  endfacet
  facet normal -0 0 -1
    outer loop
      vertex 7.58059 4.05191 -7.5
      vertex 5.37579 2.87342 -7.5
      vertex 7.14693 4.77543 -7.5
    endloop
  endfacet
  facet normal 0 0 -1
    outer loop
      vertex 5.06826 3.3865 -7.5
      vertex 7.14693 4.77543 -7.5
      vertex 5.37579 2.87342 -7.5
    endloop
  endfacet
  facet normal -0 0 -1
    outer loop
      vertex 7.14693 4.77543 -7.5
      vertex 5.06826 3.3865 -7.5
      vertex 6.64444 5.45295 -7.5
    endloop
  endfacet
  facet normal 0 0 -1
    outer loop
      vertex 4.71192 3.86697 -7.5
      vertex 6.64444 5.45295 -7.5
      vertex 5.06826 3.3865 -7.5
    endloop
  endfacet
  facet normal -0 0 -1
    outer loop
      vertex 6.64444 5.45295 -7.5
      vertex 4.71192 3.86697 -7.5
      vertex 6.07796 6.07796 -7.5
    endloop
  endfacet
  facet normal 0 0 -1
    outer loop
      vertex 4.3102 4.3102 -7.5
      vertex 6.07796 6.07796 -7.5
      vertex 4.71192 3.86697 -7.5
    endloop
  endfacet
  facet normal -0 0 -1
    outer loop
      vertex 6.07796 6.07796 -7.5
      vertex 4.3102 4.3102 -7.5
      vertex 5.45295 6.64444 -7.5
    endloop
  endfacet
  facet normal 0 0 -1
    outer loop
      vertex 3.86697 4.71192 -7.5
      vertex 5.45295 6.64444 -7.5
      vertex 4.3102 4.3102 -7.5
    endloop
  endfacet
  facet normal -0 0 -1
    outer loop
      vertex 5.45295 6.64444 -7.5
      vertex 3.86697 4.71192 -7.5
      vertex 4.77543 7.14693 -7.5
    endloop
  endfacet
  facet normal 0 0 -1
    outer loop
      vertex 3.3865 5.06826 -7.5
      vertex 4.77543 7.14693 -7.5
      vertex 3.86697 4.71192 -7.5
    endloop
  endfacet
  facet normal -0 0 -1
    outer loop
      vertex 4.77543 7.14693 -7.5
      vertex 3.3865 5.06826 -7.5
      vertex 4.05191 7.58059 -7.5
    endloop
  endfacet
  facet normal 0 0 -1
    outer loop
      vertex 2.87342 5.37579 -7.5
      vertex 4.05191 7.58059 -7.5
      vertex 3.3865 5.06826 -7.5
    endloop
  endfacet
  facet normal -0 0 -1
    outer loop
      vertex 4.05191 7.58059 -7.5
      vertex 2.87342 5.37579 -7.5
      vertex 3.28937 7.94124 -7.5
    endloop
  endfacet
  facet normal 0 0 -1
    outer loop
      vertex 2.33266 5.63155 -7.5
      vertex 3.28937 7.94124 -7.5
      vertex 2.87342 5.37579 -7.5
    endloop
  endfacet
  facet normal -0 0 -1
    outer loop
      vertex 3.28937 7.94124 -7.5
      vertex 2.33266 5.63155 -7.5
      vertex 2.49515 8.22542 -7.5
    endloop
  endfacet
  facet normal 0 0 -1
    outer loop
      vertex 1.76944 5.83307 -7.5
      vertex 2.49515 8.22542 -7.5
      vertex 2.33266 5.63155 -7.5
    endloop
  endfacet
  facet normal 0 0 -1
    outer loop
      vertex 1.76944 5.83307 -7.5
      vertex 1.67691 8.43038 -7.5
      vertex 2.49515 8.22542 -7.5
    endloop
  endfacet
  facet normal 0 0 -1
    outer loop
      vertex 1.18918 5.97842 -7.5
      vertex 1.67691 8.43038 -7.5
      vertex 1.76944 5.83307 -7.5
    endloop
  endfacet
  facet normal 0 0 -1
    outer loop
      vertex 1.18918 5.97842 -7.5
      vertex 0.84251 8.55415 -7.5
      vertex 1.67691 8.43038 -7.5
    endloop
  endfacet
  facet normal 0 0 -1
    outer loop
      vertex 0.597467 6.06619 -7.5
      vertex 0.84251 8.55415 -7.5
      vertex 1.18918 5.97842 -7.5
    endloop
  endfacet
  facet normal 0 0 -1
    outer loop
      vertex 0 6.09554 -7.5
      vertex 0.84251 8.55415 -7.5
      vertex 0.597467 6.06619 -7.5
    endloop
  endfacet
  facet normal 0 0 -1
    outer loop
      vertex 0 6.09554 -7.5
      vertex 0 8.59554 -7.5
      vertex 0.84251 8.55415 -7.5
    endloop
  endfacet
  facet normal 0 0 -1
    outer loop
      vertex -0.597467 6.06619 -7.5
      vertex 0 8.59554 -7.5
      vertex 0 6.09554 -7.5
    endloop
  endfacet
  facet normal 0 0 -1
    outer loop
      vertex -0.597467 6.06619 -7.5
      vertex -0.84251 8.55415 -7.5
      vertex 0 8.59554 -7.5
    endloop
  endfacet
  facet normal 0 0 -1
    outer loop
      vertex -1.18918 5.97842 -7.5
      vertex -0.84251 8.55415 -7.5
      vertex -0.597467 6.06619 -7.5
    endloop
  endfacet
  facet normal 0 0 -1
    outer loop
      vertex -1.18918 5.97842 -7.5
      vertex -1.67691 8.43038 -7.5
      vertex -0.84251 8.55415 -7.5
    endloop
  endfacet
  facet normal 0 0 -1
    outer loop
      vertex -1.76944 5.83307 -7.5
      vertex -1.67691 8.43038 -7.5
      vertex -1.18918 5.97842 -7.5
    endloop
  endfacet
  facet normal 0 0 -1
    outer loop
      vertex -2.49515 8.22542 -7.5
      vertex -1.76944 5.83307 -7.5
      vertex -2.33266 5.63155 -7.5
    endloop
  endfacet
  facet normal 0 0 -1
    outer loop
      vertex -1.76944 5.83307 -7.5
      vertex -2.49515 8.22542 -7.5
      vertex -1.67691 8.43038 -7.5
    endloop
  endfacet
  facet normal 0 0 -1
    outer loop
      vertex -3.28937 7.94124 -7.5
      vertex -2.33266 5.63155 -7.5
      vertex -2.87342 5.37579 -7.5
    endloop
  endfacet
  facet normal 0 0 -1
    outer loop
      vertex -2.33266 5.63155 -7.5
      vertex -3.28937 7.94124 -7.5
      vertex -2.49515 8.22542 -7.5
    endloop
  endfacet
  facet normal 0 0 -1
    outer loop
      vertex -4.05191 7.58059 -7.5
      vertex -2.87342 5.37579 -7.5
      vertex -3.3865 5.06826 -7.5
    endloop
  endfacet
  facet normal 0 0 -1
    outer loop
      vertex -4.77543 7.14693 -7.5
      vertex -3.3865 5.06826 -7.5
      vertex -3.86697 4.71192 -7.5
    endloop
  endfacet
  facet normal 0 0 -1
    outer loop
      vertex -2.87342 5.37579 -7.5
      vertex -4.05191 7.58059 -7.5
      vertex -3.28937 7.94124 -7.5
    endloop
  endfacet
  facet normal 0 0 -1
    outer loop
      vertex -5.45295 6.64444 -7.5
      vertex -3.86697 4.71192 -7.5
      vertex -4.3102 4.3102 -7.5
    endloop
  endfacet
  facet normal 0 0 -1
    outer loop
      vertex -6.07796 6.07796 -7.5
      vertex -4.3102 4.3102 -7.5
      vertex -4.71192 3.86697 -7.5
    endloop
  endfacet
  facet normal 0 0 -1
    outer loop
      vertex -3.3865 5.06826 -7.5
      vertex -4.77543 7.14693 -7.5
      vertex -4.05191 7.58059 -7.5
    endloop
  endfacet
  facet normal 0 0 -1
    outer loop
      vertex -6.64444 5.45295 -7.5
      vertex -4.71192 3.86697 -7.5
      vertex -5.06826 3.3865 -7.5
    endloop
  endfacet
  facet normal 0 0 -1
    outer loop
      vertex -7.14693 4.77543 -7.5
      vertex -5.06826 3.3865 -7.5
      vertex -5.37579 2.87342 -7.5
    endloop
  endfacet
  facet normal 0 0 -1
    outer loop
      vertex -3.86697 4.71192 -7.5
      vertex -5.45295 6.64444 -7.5
      vertex -4.77543 7.14693 -7.5
    endloop
  endfacet
  facet normal 0 0 -1
    outer loop
      vertex -7.58059 4.05191 -7.5
      vertex -5.37579 2.87342 -7.5
      vertex -5.63155 2.33266 -7.5
    endloop
  endfacet
  facet normal 0 0 -1
    outer loop
      vertex -7.94124 3.28937 -7.5
      vertex -5.63155 2.33266 -7.5
      vertex -5.83307 1.76944 -7.5
    endloop
  endfacet
  facet normal 0 0 -1
    outer loop
      vertex -8.22542 2.49515 -7.5
      vertex -5.83307 1.76944 -7.5
      vertex -5.97842 1.18918 -7.5
    endloop
  endfacet
  facet normal 0 0 -1
    outer loop
      vertex -8.43038 1.67691 -7.5
      vertex -5.97842 1.18918 -7.5
      vertex -6.06619 0.597467 -7.5
    endloop
  endfacet
  facet normal 0 0 -1
    outer loop
      vertex -4.3102 4.3102 -7.5
      vertex -6.07796 6.07796 -7.5
      vertex -5.45295 6.64444 -7.5
    endloop
  endfacet
  facet normal 0 0 -1
    outer loop
      vertex -8.55415 0.84251 -7.5
      vertex -6.06619 0.597467 -7.5
      vertex -6.09554 0 -7.5
    endloop
  endfacet
  facet normal 0 0 -1
    outer loop
      vertex -8.22542 -2.49515 -7.5
      vertex -5.83307 -1.76944 -7.5
      vertex -7.94124 -3.28937 -7.5
    endloop
  endfacet
  facet normal 0 0 -1
    outer loop
      vertex -4.71192 3.86697 -7.5
      vertex -6.64444 5.45295 -7.5
      vertex -6.07796 6.07796 -7.5
    endloop
  endfacet
  facet normal -0 0 -1
    outer loop
      vertex -5.83307 -1.76944 -7.5
      vertex -8.22542 -2.49515 -7.5
      vertex -5.97842 -1.18918 -7.5
    endloop
  endfacet
  facet normal 0 0 -1
    outer loop
      vertex -5.06826 3.3865 -7.5
      vertex -7.14693 4.77543 -7.5
      vertex -6.64444 5.45295 -7.5
    endloop
  endfacet
  facet normal 0 0 -1
    outer loop
      vertex -8.43038 -1.67691 -7.5
      vertex -5.97842 -1.18918 -7.5
      vertex -8.22542 -2.49515 -7.5
    endloop
  endfacet
  facet normal 0 0 -1
    outer loop
      vertex -5.37579 2.87342 -7.5
      vertex -7.58059 4.05191 -7.5
      vertex -7.14693 4.77543 -7.5
    endloop
  endfacet
  facet normal -0 0 -1
    outer loop
      vertex -5.97842 -1.18918 -7.5
      vertex -8.43038 -1.67691 -7.5
      vertex -6.06619 -0.597467 -7.5
    endloop
  endfacet
  facet normal 0 0 -1
    outer loop
      vertex -5.63155 2.33266 -7.5
      vertex -7.94124 3.28937 -7.5
      vertex -7.58059 4.05191 -7.5
    endloop
  endfacet
  facet normal 0 0 -1
    outer loop
      vertex -8.55415 -0.84251 -7.5
      vertex -6.06619 -0.597467 -7.5
      vertex -8.43038 -1.67691 -7.5
    endloop
  endfacet
  facet normal 0 0 -1
    outer loop
      vertex -5.83307 1.76944 -7.5
      vertex -8.22542 2.49515 -7.5
      vertex -7.94124 3.28937 -7.5
    endloop
  endfacet
  facet normal -0 0 -1
    outer loop
      vertex -6.06619 -0.597467 -7.5
      vertex -8.55415 -0.84251 -7.5
      vertex -6.09554 0 -7.5
    endloop
  endfacet
  facet normal 0 0 -1
    outer loop
      vertex -5.97842 1.18918 -7.5
      vertex -8.43038 1.67691 -7.5
      vertex -8.22542 2.49515 -7.5
    endloop
  endfacet
  facet normal 0 0 -1
    outer loop
      vertex -8.59554 0 -7.5
      vertex -6.09554 0 -7.5
      vertex -8.55415 -0.84251 -7.5
    endloop
  endfacet
  facet normal 0 0 -1
    outer loop
      vertex -6.06619 0.597467 -7.5
      vertex -8.55415 0.84251 -7.5
      vertex -8.43038 1.67691 -7.5
    endloop
  endfacet
  facet normal 0 0 -1
    outer loop
      vertex -6.09554 0 -7.5
      vertex -8.59554 0 -7.5
      vertex -8.55415 0.84251 -7.5
    endloop
  endfacet
  facet normal -0.595705 0.803204 0
    outer loop
      vertex -4.77543 7.14693 -7.5
      vertex -5.45295 6.64444 7.5
      vertex -4.77543 7.14693 7.5
    endloop
  endfacet
  facet normal -0.595705 0.803204 0
    outer loop
      vertex -5.45295 6.64444 7.5
      vertex -4.77543 7.14693 -7.5
      vertex -5.45295 6.64444 -7.5
    endloop
  endfacet
  facet normal -0.803204 -0.595705 0
    outer loop
      vertex -6.64444 -5.45295 -7.5
      vertex -7.14693 -4.77543 7.5
      vertex -7.14693 -4.77543 -7.5
    endloop
  endfacet
  facet normal -0.803204 -0.595705 0
    outer loop
      vertex -7.14693 -4.77543 7.5
      vertex -6.64444 -5.45295 -7.5
      vertex -6.64444 -5.45295 7.5
    endloop
  endfacet
  facet normal 0.427551 0.903991 -0
    outer loop
      vertex 4.05191 7.58059 -7.5
      vertex 3.28937 7.94124 7.5
      vertex 4.05191 7.58059 7.5
    endloop
  endfacet
  facet normal 0.427551 0.903991 0
    outer loop
      vertex 3.28937 7.94124 7.5
      vertex 4.05191 7.58059 -7.5
      vertex 3.28937 7.94124 -7.5
    endloop
  endfacet
  facet normal 0.146729 -0.989177 0
    outer loop
      vertex 0.84251 -8.55415 -7.5
      vertex 1.67691 -8.43038 7.5
      vertex 0.84251 -8.55415 7.5
    endloop
  endfacet
  facet normal 0.146729 -0.989177 0
    outer loop
      vertex 1.67691 -8.43038 7.5
      vertex 0.84251 -8.55415 -7.5
      vertex 1.67691 -8.43038 -7.5
    endloop
  endfacet
  facet normal -0.146729 0.989177 0
    outer loop
      vertex -0.84251 8.55415 -7.5
      vertex -1.67691 8.43038 7.5
      vertex -0.84251 8.55415 7.5
    endloop
  endfacet
  facet normal -0.146729 0.989177 0
    outer loop
      vertex -1.67691 8.43038 7.5
      vertex -0.84251 8.55415 -7.5
      vertex -1.67691 8.43038 -7.5
    endloop
  endfacet
  facet normal -0.903991 -0.427551 0
    outer loop
      vertex -7.58059 -4.05191 -7.5
      vertex -7.94124 -3.28937 7.5
      vertex -7.94124 -3.28937 -7.5
    endloop
  endfacet
  facet normal -0.903991 -0.427551 0
    outer loop
      vertex -7.94124 -3.28937 7.5
      vertex -7.58059 -4.05191 -7.5
      vertex -7.58059 -4.05191 7.5
    endloop
  endfacet
  facet normal 0.998795 -0.0490678 0
    outer loop
      vertex 8.55415 -0.84251 7.5
      vertex 8.59554 0 -7.5
      vertex 8.59554 0 7.5
    endloop
  endfacet
  facet normal 0.998795 -0.0490678 0
    outer loop
      vertex 8.59554 0 -7.5
      vertex 8.55415 -0.84251 7.5
      vertex 8.55415 -0.84251 -7.5
    endloop
  endfacet
  facet normal 0.242982 0.970031 -0
    outer loop
      vertex 2.49515 8.22542 -7.5
      vertex 1.67691 8.43038 7.5
      vertex 2.49515 8.22542 7.5
    endloop
  endfacet
  facet normal 0.242982 0.970031 0
    outer loop
      vertex 1.67691 8.43038 7.5
      vertex 2.49515 8.22542 -7.5
      vertex 1.67691 8.43038 -7.5
    endloop
  endfacet
  facet normal -0.595705 -0.803204 0
    outer loop
      vertex -5.45295 -6.64444 -7.5
      vertex -4.77543 -7.14693 7.5
      vertex -5.45295 -6.64444 7.5
    endloop
  endfacet
  facet normal -0.595705 -0.803204 -0
    outer loop
      vertex -4.77543 -7.14693 7.5
      vertex -5.45295 -6.64444 -7.5
      vertex -4.77543 -7.14693 -7.5
    endloop
  endfacet
  facet normal -0.740949 0.671562 0
    outer loop
      vertex -6.64444 5.45295 -7.5
      vertex -6.07796 6.07796 7.5
      vertex -6.07796 6.07796 -7.5
    endloop
  endfacet
  facet normal -0.740949 0.671562 0
    outer loop
      vertex -6.07796 6.07796 7.5
      vertex -6.64444 5.45295 -7.5
      vertex -6.64444 5.45295 7.5
    endloop
  endfacet
  facet normal 0.857729 -0.514102 0
    outer loop
      vertex 7.14693 -4.77543 7.5
      vertex 7.58059 -4.05191 -7.5
      vertex 7.58059 -4.05191 7.5
    endloop
  endfacet
  facet normal 0.857729 -0.514102 0
    outer loop
      vertex 7.58059 -4.05191 -7.5
      vertex 7.14693 -4.77543 7.5
      vertex 7.14693 -4.77543 -7.5
    endloop
  endfacet
  facet normal 0.595705 0.803204 -0
    outer loop
      vertex 5.45295 6.64444 -7.5
      vertex 4.77543 7.14693 7.5
      vertex 5.45295 6.64444 7.5
    endloop
  endfacet
  facet normal 0.595705 0.803204 0
    outer loop
      vertex 4.77543 7.14693 7.5
      vertex 5.45295 6.64444 -7.5
      vertex 4.77543 7.14693 -7.5
    endloop
  endfacet
  facet normal 0.336894 0.941543 -0
    outer loop
      vertex 3.28937 7.94124 -7.5
      vertex 2.49515 8.22542 7.5
      vertex 3.28937 7.94124 7.5
    endloop
  endfacet
  facet normal 0.336894 0.941543 0
    outer loop
      vertex 2.49515 8.22542 7.5
      vertex 3.28937 7.94124 -7.5
      vertex 2.49515 8.22542 -7.5
    endloop
  endfacet
  facet normal 0.803204 0.595705 0
    outer loop
      vertex 7.14693 4.77543 7.5
      vertex 6.64444 5.45295 -7.5
      vertex 6.64444 5.45295 7.5
    endloop
  endfacet
  facet normal 0.803204 0.595705 0
    outer loop
      vertex 6.64444 5.45295 -7.5
      vertex 7.14693 4.77543 7.5
      vertex 7.14693 4.77543 -7.5
    endloop
  endfacet
  facet normal 0.857729 0.514102 0
    outer loop
      vertex 7.58059 4.05191 7.5
      vertex 7.14693 4.77543 -7.5
      vertex 7.14693 4.77543 7.5
    endloop
  endfacet
  facet normal 0.857729 0.514102 0
    outer loop
      vertex 7.14693 4.77543 -7.5
      vertex 7.58059 4.05191 7.5
      vertex 7.58059 4.05191 -7.5
    endloop
  endfacet
  facet normal -0.427551 -0.903991 0
    outer loop
      vertex -4.05191 -7.58059 -7.5
      vertex -3.28937 -7.94124 7.5
      vertex -4.05191 -7.58059 7.5
    endloop
  endfacet
  facet normal -0.427551 -0.903991 -0
    outer loop
      vertex -3.28937 -7.94124 7.5
      vertex -4.05191 -7.58059 -7.5
      vertex -3.28937 -7.94124 -7.5
    endloop
  endfacet
  facet normal -0.970031 -0.242982 0
    outer loop
      vertex -8.22542 -2.49515 -7.5
      vertex -8.43038 -1.67691 7.5
      vertex -8.43038 -1.67691 -7.5
    endloop
  endfacet
  facet normal -0.970031 -0.242982 0
    outer loop
      vertex -8.43038 -1.67691 7.5
      vertex -8.22542 -2.49515 -7.5
      vertex -8.22542 -2.49515 7.5
    endloop
  endfacet
  facet normal 0.903991 0.427551 0
    outer loop
      vertex 7.94124 3.28937 7.5
      vertex 7.58059 4.05191 -7.5
      vertex 7.58059 4.05191 7.5
    endloop
  endfacet
  facet normal 0.903991 0.427551 0
    outer loop
      vertex 7.58059 4.05191 -7.5
      vertex 7.94124 3.28937 7.5
      vertex 7.94124 3.28937 -7.5
    endloop
  endfacet
  facet normal 0 0 1
    outer loop
      vertex 4.5 0 7.5
      vertex 8.59554 0 7.5
      vertex 8.55415 0.84251 7.5
    endloop
  endfacet
  facet normal 0 0 1
    outer loop
      vertex 4.47833 0.441076 7.5
      vertex 8.55415 0.84251 7.5
      vertex 8.43038 1.67691 7.5
    endloop
  endfacet
  facet normal 0 0 1
    outer loop
      vertex 8.59554 0 7.5
      vertex 4.5 0 7.5
      vertex 8.55415 -0.84251 7.5
    endloop
  endfacet
  facet normal 0 0 1
    outer loop
      vertex 4.41353 0.877906 7.5
      vertex 8.43038 1.67691 7.5
      vertex 8.22542 2.49515 7.5
    endloop
  endfacet
  facet normal -0 0 1
    outer loop
      vertex 4.47833 -0.441076 7.5
      vertex 8.55415 -0.84251 7.5
      vertex 4.5 0 7.5
    endloop
  endfacet
  facet normal 0 0 1
    outer loop
      vertex 4.30623 1.30628 7.5
      vertex 8.22542 2.49515 7.5
      vertex 7.94124 3.28937 7.5
    endloop
  endfacet
  facet normal 0 0 1
    outer loop
      vertex 8.55415 -0.84251 7.5
      vertex 4.47833 -0.441076 7.5
      vertex 8.43038 -1.67691 7.5
    endloop
  endfacet
  facet normal 0 0 1
    outer loop
      vertex 4.15746 1.72207 7.5
      vertex 7.94124 3.28937 7.5
      vertex 7.58059 4.05191 7.5
    endloop
  endfacet
  facet normal -0 0 1
    outer loop
      vertex 4.41353 -0.877906 7.5
      vertex 8.43038 -1.67691 7.5
      vertex 4.47833 -0.441076 7.5
    endloop
  endfacet
  facet normal 0 0 1
    outer loop
      vertex 3.96865 2.12128 7.5
      vertex 7.58059 4.05191 7.5
      vertex 7.14693 4.77543 7.5
    endloop
  endfacet
  facet normal 0 0 1
    outer loop
      vertex 8.43038 -1.67691 7.5
      vertex 4.41353 -0.877906 7.5
      vertex 8.22542 -2.49515 7.5
    endloop
  endfacet
  facet normal 0 0 1
    outer loop
      vertex 3.74161 2.50007 7.5
      vertex 7.14693 4.77543 7.5
      vertex 6.64444 5.45295 7.5
    endloop
  endfacet
  facet normal -0 0 1
    outer loop
      vertex 4.30623 -1.30628 7.5
      vertex 8.22542 -2.49515 7.5
      vertex 4.41353 -0.877906 7.5
    endloop
  endfacet
  facet normal 0 0 1
    outer loop
      vertex 3.47855 2.85477 7.5
      vertex 6.64444 5.45295 7.5
      vertex 6.07796 6.07796 7.5
    endloop
  endfacet
  facet normal 0 0 1
    outer loop
      vertex 8.22542 -2.49515 7.5
      vertex 4.30623 -1.30628 7.5
      vertex 7.94124 -3.28937 7.5
    endloop
  endfacet
  facet normal 0 0 1
    outer loop
      vertex 3.18198 3.18198 7.5
      vertex 6.07796 6.07796 7.5
      vertex 5.45295 6.64444 7.5
    endloop
  endfacet
  facet normal -0 0 1
    outer loop
      vertex 4.15746 -1.72207 7.5
      vertex 7.94124 -3.28937 7.5
      vertex 4.30623 -1.30628 7.5
    endloop
  endfacet
  facet normal 0 0 1
    outer loop
      vertex 2.85477 3.47855 7.5
      vertex 5.45295 6.64444 7.5
      vertex 4.77543 7.14693 7.5
    endloop
  endfacet
  facet normal 0 0 1
    outer loop
      vertex 7.94124 -3.28937 7.5
      vertex 4.15746 -1.72207 7.5
      vertex 7.58059 -4.05191 7.5
    endloop
  endfacet
  facet normal -0 0 1
    outer loop
      vertex 3.96865 -2.12128 7.5
      vertex 7.58059 -4.05191 7.5
      vertex 4.15746 -1.72207 7.5
    endloop
  endfacet
  facet normal 0 0 1
    outer loop
      vertex 8.55415 0.84251 7.5
      vertex 4.47833 0.441076 7.5
      vertex 4.5 0 7.5
    endloop
  endfacet
  facet normal 0 0 1
    outer loop
      vertex 8.43038 1.67691 7.5
      vertex 4.41353 0.877906 7.5
      vertex 4.47833 0.441076 7.5
    endloop
  endfacet
  facet normal 0 0 1
    outer loop
      vertex 8.22542 2.49515 7.5
      vertex 4.30623 1.30628 7.5
      vertex 4.41353 0.877906 7.5
    endloop
  endfacet
  facet normal 0 0 1
    outer loop
      vertex 7.94124 3.28937 7.5
      vertex 4.15746 1.72207 7.5
      vertex 4.30623 1.30628 7.5
    endloop
  endfacet
  facet normal 0 0 1
    outer loop
      vertex 2.50007 3.74161 7.5
      vertex 4.77543 7.14693 7.5
      vertex 4.05191 7.58059 7.5
    endloop
  endfacet
  facet normal 0 0 1
    outer loop
      vertex 7.58059 4.05191 7.5
      vertex 3.96865 2.12128 7.5
      vertex 4.15746 1.72207 7.5
    endloop
  endfacet
  facet normal 0 0 1
    outer loop
      vertex 7.14693 4.77543 7.5
      vertex 3.74161 2.50007 7.5
      vertex 3.96865 2.12128 7.5
    endloop
  endfacet
  facet normal 0 0 1
    outer loop
      vertex 6.64444 5.45295 7.5
      vertex 3.47855 2.85477 7.5
      vertex 3.74161 2.50007 7.5
    endloop
  endfacet
  facet normal 0 0 1
    outer loop
      vertex 2.12128 3.96865 7.5
      vertex 4.05191 7.58059 7.5
      vertex 3.28937 7.94124 7.5
    endloop
  endfacet
  facet normal 0 0 1
    outer loop
      vertex 6.07796 6.07796 7.5
      vertex 3.18198 3.18198 7.5
      vertex 3.47855 2.85477 7.5
    endloop
  endfacet
  facet normal 0 0 1
    outer loop
      vertex 5.45295 6.64444 7.5
      vertex 2.85477 3.47855 7.5
      vertex 3.18198 3.18198 7.5
    endloop
  endfacet
  facet normal 0 0 1
    outer loop
      vertex 4.77543 7.14693 7.5
      vertex 2.50007 3.74161 7.5
      vertex 2.85477 3.47855 7.5
    endloop
  endfacet
  facet normal 0 0 1
    outer loop
      vertex 1.72207 4.15746 7.5
      vertex 3.28937 7.94124 7.5
      vertex 2.49515 8.22542 7.5
    endloop
  endfacet
  facet normal 0 0 1
    outer loop
      vertex 4.05191 7.58059 7.5
      vertex 2.12128 3.96865 7.5
      vertex 2.50007 3.74161 7.5
    endloop
  endfacet
  facet normal 0 0 1
    outer loop
      vertex 3.28937 7.94124 7.5
      vertex 1.72207 4.15746 7.5
      vertex 2.12128 3.96865 7.5
    endloop
  endfacet
  facet normal 0 0 1
    outer loop
      vertex 1.30628 4.30623 7.5
      vertex 2.49515 8.22542 7.5
      vertex 1.67691 8.43038 7.5
    endloop
  endfacet
  facet normal 0 0 1
    outer loop
      vertex 2.49515 8.22542 7.5
      vertex 1.30628 4.30623 7.5
      vertex 1.72207 4.15746 7.5
    endloop
  endfacet
  facet normal 0 0 1
    outer loop
      vertex 1.67691 8.43038 7.5
      vertex 0.877906 4.41353 7.5
      vertex 1.30628 4.30623 7.5
    endloop
  endfacet
  facet normal 0 0 1
    outer loop
      vertex 0.84251 8.55415 7.5
      vertex 0.877906 4.41353 7.5
      vertex 1.67691 8.43038 7.5
    endloop
  endfacet
  facet normal 0 0 1
    outer loop
      vertex 0.84251 8.55415 7.5
      vertex 0.441076 4.47833 7.5
      vertex 0.877906 4.41353 7.5
    endloop
  endfacet
  facet normal 0 0 1
    outer loop
      vertex 0 8.59554 7.5
      vertex 0.441076 4.47833 7.5
      vertex 0.84251 8.55415 7.5
    endloop
  endfacet
  facet normal 0 0 1
    outer loop
      vertex 0 8.59554 7.5
      vertex 0 4.5 7.5
      vertex 0.441076 4.47833 7.5
    endloop
  endfacet
  facet normal 0 0 1
    outer loop
      vertex 0 8.59554 7.5
      vertex -0.441076 4.47833 7.5
      vertex 0 4.5 7.5
    endloop
  endfacet
  facet normal -0 0 1
    outer loop
      vertex -0.84251 8.55415 7.5
      vertex -0.441076 4.47833 7.5
      vertex 0 8.59554 7.5
    endloop
  endfacet
  facet normal 0 0 1
    outer loop
      vertex -0.84251 8.55415 7.5
      vertex -0.877906 4.41353 7.5
      vertex -0.441076 4.47833 7.5
    endloop
  endfacet
  facet normal -0 0 1
    outer loop
      vertex -1.67691 8.43038 7.5
      vertex -0.877906 4.41353 7.5
      vertex -0.84251 8.55415 7.5
    endloop
  endfacet
  facet normal 0 0 1
    outer loop
      vertex -0.877906 4.41353 7.5
      vertex -1.67691 8.43038 7.5
      vertex -1.30628 4.30623 7.5
    endloop
  endfacet
  facet normal -0 0 1
    outer loop
      vertex -2.49515 8.22542 7.5
      vertex -1.30628 4.30623 7.5
      vertex -1.67691 8.43038 7.5
    endloop
  endfacet
  facet normal 0 0 1
    outer loop
      vertex -1.30628 4.30623 7.5
      vertex -2.49515 8.22542 7.5
      vertex -1.72207 4.15746 7.5
    endloop
  endfacet
  facet normal -0 0 1
    outer loop
      vertex -3.28937 7.94124 7.5
      vertex -1.72207 4.15746 7.5
      vertex -2.49515 8.22542 7.5
    endloop
  endfacet
  facet normal 0 0 1
    outer loop
      vertex -1.72207 4.15746 7.5
      vertex -3.28937 7.94124 7.5
      vertex -2.12128 3.96865 7.5
    endloop
  endfacet
  facet normal -0 0 1
    outer loop
      vertex -4.05191 7.58059 7.5
      vertex -2.12128 3.96865 7.5
      vertex -3.28937 7.94124 7.5
    endloop
  endfacet
  facet normal 0 0 1
    outer loop
      vertex -2.12128 3.96865 7.5
      vertex -4.05191 7.58059 7.5
      vertex -2.50007 3.74161 7.5
    endloop
  endfacet
  facet normal -0 0 1
    outer loop
      vertex -4.77543 7.14693 7.5
      vertex -2.50007 3.74161 7.5
      vertex -4.05191 7.58059 7.5
    endloop
  endfacet
  facet normal 0 0 1
    outer loop
      vertex -2.50007 3.74161 7.5
      vertex -4.77543 7.14693 7.5
      vertex -2.85477 3.47855 7.5
    endloop
  endfacet
  facet normal -0 0 1
    outer loop
      vertex -5.45295 6.64444 7.5
      vertex -2.85477 3.47855 7.5
      vertex -4.77543 7.14693 7.5
    endloop
  endfacet
  facet normal 0 0 1
    outer loop
      vertex -2.85477 3.47855 7.5
      vertex -5.45295 6.64444 7.5
      vertex -3.18198 3.18198 7.5
    endloop
  endfacet
  facet normal -0 0 1
    outer loop
      vertex -6.07796 6.07796 7.5
      vertex -3.18198 3.18198 7.5
      vertex -5.45295 6.64444 7.5
    endloop
  endfacet
  facet normal 0 0 1
    outer loop
      vertex -3.18198 3.18198 7.5
      vertex -6.07796 6.07796 7.5
      vertex -3.47855 2.85477 7.5
    endloop
  endfacet
  facet normal -0 0 1
    outer loop
      vertex -6.64444 5.45295 7.5
      vertex -3.47855 2.85477 7.5
      vertex -6.07796 6.07796 7.5
    endloop
  endfacet
  facet normal 0 0 1
    outer loop
      vertex -3.47855 2.85477 7.5
      vertex -6.64444 5.45295 7.5
      vertex -3.74161 2.50007 7.5
    endloop
  endfacet
  facet normal -0 0 1
    outer loop
      vertex -7.14693 4.77543 7.5
      vertex -3.74161 2.50007 7.5
      vertex -6.64444 5.45295 7.5
    endloop
  endfacet
  facet normal -0 0 1
    outer loop
      vertex -7.58059 4.05191 7.5
      vertex -3.96865 2.12128 7.5
      vertex -7.14693 4.77543 7.5
    endloop
  endfacet
  facet normal 0 0 1
    outer loop
      vertex -3.74161 2.50007 7.5
      vertex -7.14693 4.77543 7.5
      vertex -3.96865 2.12128 7.5
    endloop
  endfacet
  facet normal 0 0 1
    outer loop
      vertex 7.58059 -4.05191 7.5
      vertex 3.96865 -2.12128 7.5
      vertex 7.14693 -4.77543 7.5
    endloop
  endfacet
  facet normal -0 0 1
    outer loop
      vertex 3.74161 -2.50007 7.5
      vertex 7.14693 -4.77543 7.5
      vertex 3.96865 -2.12128 7.5
    endloop
  endfacet
  facet normal 0 0 1
    outer loop
      vertex 7.14693 -4.77543 7.5
      vertex 3.74161 -2.50007 7.5
      vertex 6.64444 -5.45295 7.5
    endloop
  endfacet
  facet normal -0 0 1
    outer loop
      vertex 3.47855 -2.85477 7.5
      vertex 6.64444 -5.45295 7.5
      vertex 3.74161 -2.50007 7.5
    endloop
  endfacet
  facet normal 0 0 1
    outer loop
      vertex 6.64444 -5.45295 7.5
      vertex 3.47855 -2.85477 7.5
      vertex 6.07796 -6.07796 7.5
    endloop
  endfacet
  facet normal -0 0 1
    outer loop
      vertex 3.18198 -3.18198 7.5
      vertex 6.07796 -6.07796 7.5
      vertex 3.47855 -2.85477 7.5
    endloop
  endfacet
  facet normal 0 0 1
    outer loop
      vertex 6.07796 -6.07796 7.5
      vertex 3.18198 -3.18198 7.5
      vertex 5.45295 -6.64444 7.5
    endloop
  endfacet
  facet normal -0 0 1
    outer loop
      vertex 2.85477 -3.47855 7.5
      vertex 5.45295 -6.64444 7.5
      vertex 3.18198 -3.18198 7.5
    endloop
  endfacet
  facet normal 0 0 1
    outer loop
      vertex 5.45295 -6.64444 7.5
      vertex 2.85477 -3.47855 7.5
      vertex 4.77543 -7.14693 7.5
    endloop
  endfacet
  facet normal -0 0 1
    outer loop
      vertex 2.50007 -3.74161 7.5
      vertex 4.77543 -7.14693 7.5
      vertex 2.85477 -3.47855 7.5
    endloop
  endfacet
  facet normal 0 0 1
    outer loop
      vertex 4.77543 -7.14693 7.5
      vertex 2.50007 -3.74161 7.5
      vertex 4.05191 -7.58059 7.5
    endloop
  endfacet
  facet normal -0 0 1
    outer loop
      vertex 2.12128 -3.96865 7.5
      vertex 4.05191 -7.58059 7.5
      vertex 2.50007 -3.74161 7.5
    endloop
  endfacet
  facet normal 0 0 1
    outer loop
      vertex 4.05191 -7.58059 7.5
      vertex 2.12128 -3.96865 7.5
      vertex 3.28937 -7.94124 7.5
    endloop
  endfacet
  facet normal -0 0 1
    outer loop
      vertex 1.72207 -4.15746 7.5
      vertex 3.28937 -7.94124 7.5
      vertex 2.12128 -3.96865 7.5
    endloop
  endfacet
  facet normal 0 0 1
    outer loop
      vertex 3.28937 -7.94124 7.5
      vertex 1.72207 -4.15746 7.5
      vertex 2.49515 -8.22542 7.5
    endloop
  endfacet
  facet normal -0 0 1
    outer loop
      vertex 1.30628 -4.30623 7.5
      vertex 2.49515 -8.22542 7.5
      vertex 1.72207 -4.15746 7.5
    endloop
  endfacet
  facet normal 0 0 1
    outer loop
      vertex 2.49515 -8.22542 7.5
      vertex 1.30628 -4.30623 7.5
      vertex 1.67691 -8.43038 7.5
    endloop
  endfacet
  facet normal -0 0 1
    outer loop
      vertex 0.877906 -4.41353 7.5
      vertex 1.67691 -8.43038 7.5
      vertex 1.30628 -4.30623 7.5
    endloop
  endfacet
  facet normal 0 0 1
    outer loop
      vertex 0.877906 -4.41353 7.5
      vertex 0.84251 -8.55415 7.5
      vertex 1.67691 -8.43038 7.5
    endloop
  endfacet
  facet normal -0 0 1
    outer loop
      vertex 0.441076 -4.47833 7.5
      vertex 0.84251 -8.55415 7.5
      vertex 0.877906 -4.41353 7.5
    endloop
  endfacet
  facet normal -0 0 1
    outer loop
      vertex 0 -4.5 7.5
      vertex 0.84251 -8.55415 7.5
      vertex 0.441076 -4.47833 7.5
    endloop
  endfacet
  facet normal 0 0 1
    outer loop
      vertex 0 -4.5 7.5
      vertex 0 -8.59554 7.5
      vertex 0.84251 -8.55415 7.5
    endloop
  endfacet
  facet normal 0 0 1
    outer loop
      vertex -0.441076 -4.47833 7.5
      vertex 0 -8.59554 7.5
      vertex 0 -4.5 7.5
    endloop
  endfacet
  facet normal 0 0 1
    outer loop
      vertex -0.441076 -4.47833 7.5
      vertex -0.84251 -8.55415 7.5
      vertex 0 -8.59554 7.5
    endloop
  endfacet
  facet normal 0 0 1
    outer loop
      vertex -0.877906 -4.41353 7.5
      vertex -0.84251 -8.55415 7.5
      vertex -0.441076 -4.47833 7.5
    endloop
  endfacet
  facet normal 0 0 1
    outer loop
      vertex -1.67691 -8.43038 7.5
      vertex -0.877906 -4.41353 7.5
      vertex -1.30628 -4.30623 7.5
    endloop
  endfacet
  facet normal 0 0 1
    outer loop
      vertex -0.877906 -4.41353 7.5
      vertex -1.67691 -8.43038 7.5
      vertex -0.84251 -8.55415 7.5
    endloop
  endfacet
  facet normal 0 0 1
    outer loop
      vertex -2.49515 -8.22542 7.5
      vertex -1.30628 -4.30623 7.5
      vertex -1.72207 -4.15746 7.5
    endloop
  endfacet
  facet normal 0 0 1
    outer loop
      vertex -3.28937 -7.94124 7.5
      vertex -1.72207 -4.15746 7.5
      vertex -2.12128 -3.96865 7.5
    endloop
  endfacet
  facet normal 0 0 1
    outer loop
      vertex -1.30628 -4.30623 7.5
      vertex -2.49515 -8.22542 7.5
      vertex -1.67691 -8.43038 7.5
    endloop
  endfacet
  facet normal 0 0 1
    outer loop
      vertex -4.05191 -7.58059 7.5
      vertex -2.12128 -3.96865 7.5
      vertex -2.50007 -3.74161 7.5
    endloop
  endfacet
  facet normal 0 0 1
    outer loop
      vertex -4.77543 -7.14693 7.5
      vertex -2.50007 -3.74161 7.5
      vertex -2.85477 -3.47855 7.5
    endloop
  endfacet
  facet normal 0 0 1
    outer loop
      vertex -5.45295 -6.64444 7.5
      vertex -2.85477 -3.47855 7.5
      vertex -3.18198 -3.18198 7.5
    endloop
  endfacet
  facet normal 0 0 1
    outer loop
      vertex -1.72207 -4.15746 7.5
      vertex -3.28937 -7.94124 7.5
      vertex -2.49515 -8.22542 7.5
    endloop
  endfacet
  facet normal 0 0 1
    outer loop
      vertex -6.07796 -6.07796 7.5
      vertex -3.18198 -3.18198 7.5
      vertex -3.47855 -2.85477 7.5
    endloop
  endfacet
  facet normal 0 0 1
    outer loop
      vertex -6.64444 -5.45295 7.5
      vertex -3.47855 -2.85477 7.5
      vertex -3.74161 -2.50007 7.5
    endloop
  endfacet
  facet normal 0 0 1
    outer loop
      vertex -7.14693 -4.77543 7.5
      vertex -3.74161 -2.50007 7.5
      vertex -3.96865 -2.12128 7.5
    endloop
  endfacet
  facet normal 0 0 1
    outer loop
      vertex -2.12128 -3.96865 7.5
      vertex -4.05191 -7.58059 7.5
      vertex -3.28937 -7.94124 7.5
    endloop
  endfacet
  facet normal 0 0 1
    outer loop
      vertex -7.58059 -4.05191 7.5
      vertex -3.96865 -2.12128 7.5
      vertex -4.15746 -1.72207 7.5
    endloop
  endfacet
  facet normal 0 0 1
    outer loop
      vertex -7.94124 -3.28937 7.5
      vertex -4.15746 -1.72207 7.5
      vertex -4.30623 -1.30628 7.5
    endloop
  endfacet
  facet normal 0 0 1
    outer loop
      vertex -8.22542 -2.49515 7.5
      vertex -4.30623 -1.30628 7.5
      vertex -4.41353 -0.877906 7.5
    endloop
  endfacet
  facet normal 0 0 1
    outer loop
      vertex -8.43038 -1.67691 7.5
      vertex -4.41353 -0.877906 7.5
      vertex -4.47833 -0.441076 7.5
    endloop
  endfacet
  facet normal 0 0 1
    outer loop
      vertex -2.50007 -3.74161 7.5
      vertex -4.77543 -7.14693 7.5
      vertex -4.05191 -7.58059 7.5
    endloop
  endfacet
  facet normal 0 0 1
    outer loop
      vertex -8.55415 -0.84251 7.5
      vertex -4.47833 -0.441076 7.5
      vertex -4.5 0 7.5
    endloop
  endfacet
  facet normal 0 0 1
    outer loop
      vertex -3.96865 2.12128 7.5
      vertex -7.58059 4.05191 7.5
      vertex -4.15746 1.72207 7.5
    endloop
  endfacet
  facet normal -0 0 1
    outer loop
      vertex -7.94124 3.28937 7.5
      vertex -4.15746 1.72207 7.5
      vertex -7.58059 4.05191 7.5
    endloop
  endfacet
  facet normal 0 0 1
    outer loop
      vertex -2.85477 -3.47855 7.5
      vertex -5.45295 -6.64444 7.5
      vertex -4.77543 -7.14693 7.5
    endloop
  endfacet
  facet normal 0 0 1
    outer loop
      vertex -4.15746 1.72207 7.5
      vertex -7.94124 3.28937 7.5
      vertex -4.30623 1.30628 7.5
    endloop
  endfacet
  facet normal 0 0 1
    outer loop
      vertex -3.18198 -3.18198 7.5
      vertex -6.07796 -6.07796 7.5
      vertex -5.45295 -6.64444 7.5
    endloop
  endfacet
  facet normal -0 0 1
    outer loop
      vertex -8.22542 2.49515 7.5
      vertex -4.30623 1.30628 7.5
      vertex -7.94124 3.28937 7.5
    endloop
  endfacet
  facet normal 0 0 1
    outer loop
      vertex -3.47855 -2.85477 7.5
      vertex -6.64444 -5.45295 7.5
      vertex -6.07796 -6.07796 7.5
    endloop
  endfacet
  facet normal 0 0 1
    outer loop
      vertex -4.30623 1.30628 7.5
      vertex -8.22542 2.49515 7.5
      vertex -4.41353 0.877906 7.5
    endloop
  endfacet
  facet normal 0 0 1
    outer loop
      vertex -3.74161 -2.50007 7.5
      vertex -7.14693 -4.77543 7.5
      vertex -6.64444 -5.45295 7.5
    endloop
  endfacet
  facet normal -0 0 1
    outer loop
      vertex -8.43038 1.67691 7.5
      vertex -4.41353 0.877906 7.5
      vertex -8.22542 2.49515 7.5
    endloop
  endfacet
  facet normal 0 0 1
    outer loop
      vertex -3.96865 -2.12128 7.5
      vertex -7.58059 -4.05191 7.5
      vertex -7.14693 -4.77543 7.5
    endloop
  endfacet
  facet normal 0 0 1
    outer loop
      vertex -4.41353 0.877906 7.5
      vertex -8.43038 1.67691 7.5
      vertex -4.47833 0.441076 7.5
    endloop
  endfacet
  facet normal 0 0 1
    outer loop
      vertex -4.15746 -1.72207 7.5
      vertex -7.94124 -3.28937 7.5
      vertex -7.58059 -4.05191 7.5
    endloop
  endfacet
  facet normal -0 0 1
    outer loop
      vertex -8.55415 0.84251 7.5
      vertex -4.47833 0.441076 7.5
      vertex -8.43038 1.67691 7.5
    endloop
  endfacet
  facet normal 0 0 1
    outer loop
      vertex -4.30623 -1.30628 7.5
      vertex -8.22542 -2.49515 7.5
      vertex -7.94124 -3.28937 7.5
    endloop
  endfacet
  facet normal 0 0 1
    outer loop
      vertex -4.47833 0.441076 7.5
      vertex -8.55415 0.84251 7.5
      vertex -4.5 0 7.5
    endloop
  endfacet
  facet normal 0 0 1
    outer loop
      vertex -4.41353 -0.877906 7.5
      vertex -8.43038 -1.67691 7.5
      vertex -8.22542 -2.49515 7.5
    endloop
  endfacet
  facet normal 0 0 1
    outer loop
      vertex -8.59554 0 7.5
      vertex -4.5 0 7.5
      vertex -8.55415 0.84251 7.5
    endloop
  endfacet
  facet normal 0 0 1
    outer loop
      vertex -4.47833 -0.441076 7.5
      vertex -8.55415 -0.84251 7.5
      vertex -8.43038 -1.67691 7.5
    endloop
  endfacet
  facet normal 0 0 1
    outer loop
      vertex -4.5 0 7.5
      vertex -8.59554 0 7.5
      vertex -8.55415 -0.84251 7.5
    endloop
  endfacet
  facet normal 0.427551 -0.903991 0
    outer loop
      vertex 3.28937 -7.94124 -7.5
      vertex 4.05191 -7.58059 7.5
      vertex 3.28937 -7.94124 7.5
    endloop
  endfacet
  facet normal 0.427551 -0.903991 0
    outer loop
      vertex 4.05191 -7.58059 7.5
      vertex 3.28937 -7.94124 -7.5
      vertex 4.05191 -7.58059 -7.5
    endloop
  endfacet
  facet normal 0.146729 0.989177 -0
    outer loop
      vertex 1.67691 8.43038 -7.5
      vertex 0.84251 8.55415 7.5
      vertex 1.67691 8.43038 7.5
    endloop
  endfacet
  facet normal 0.146729 0.989177 0
    outer loop
      vertex 0.84251 8.55415 7.5
      vertex 1.67691 8.43038 -7.5
      vertex 0.84251 8.55415 -7.5
    endloop
  endfacet
  facet normal -0.671562 0.740949 0
    outer loop
      vertex -5.45295 6.64444 -7.5
      vertex -6.07796 6.07796 7.5
      vertex -5.45295 6.64444 7.5
    endloop
  endfacet
  facet normal -0.671562 0.740949 0
    outer loop
      vertex -6.07796 6.07796 7.5
      vertex -5.45295 6.64444 -7.5
      vertex -6.07796 6.07796 -7.5
    endloop
  endfacet
  facet normal -0.989177 0.146729 0
    outer loop
      vertex -8.55415 0.84251 -7.5
      vertex -8.43038 1.67691 7.5
      vertex -8.43038 1.67691 -7.5
    endloop
  endfacet
  facet normal -0.989177 0.146729 0
    outer loop
      vertex -8.43038 1.67691 7.5
      vertex -8.55415 0.84251 -7.5
      vertex -8.55415 0.84251 7.5
    endloop
  endfacet
  facet normal -0.941543 0.336894 0
    outer loop
      vertex -8.22542 2.49515 -7.5
      vertex -7.94124 3.28937 7.5
      vertex -7.94124 3.28937 -7.5
    endloop
  endfacet
  facet normal -0.941543 0.336894 0
    outer loop
      vertex -7.94124 3.28937 7.5
      vertex -8.22542 2.49515 -7.5
      vertex -8.22542 2.49515 7.5
    endloop
  endfacet
  facet normal -0.336894 0.941543 0
    outer loop
      vertex -2.49515 8.22542 -7.5
      vertex -3.28937 7.94124 7.5
      vertex -2.49515 8.22542 7.5
    endloop
  endfacet
  facet normal -0.336894 0.941543 0
    outer loop
      vertex -3.28937 7.94124 7.5
      vertex -2.49515 8.22542 -7.5
      vertex -3.28937 7.94124 -7.5
    endloop
  endfacet
  facet normal -0.998795 -0.0490678 0
    outer loop
      vertex -8.55415 -0.84251 -7.5
      vertex -8.59554 0 7.5
      vertex -8.59554 0 -7.5
    endloop
  endfacet
  facet normal -0.998795 -0.0490678 0
    outer loop
      vertex -8.59554 0 7.5
      vertex -8.55415 -0.84251 -7.5
      vertex -8.55415 -0.84251 7.5
    endloop
  endfacet
  facet normal 0.671562 -0.740949 0
    outer loop
      vertex 5.45295 -6.64444 -7.5
      vertex 6.07796 -6.07796 7.5
      vertex 5.45295 -6.64444 7.5
    endloop
  endfacet
  facet normal 0.671562 -0.740949 0
    outer loop
      vertex 6.07796 -6.07796 7.5
      vertex 5.45295 -6.64444 -7.5
      vertex 6.07796 -6.07796 -7.5
    endloop
  endfacet
  facet normal -0.0490678 0.998795 0
    outer loop
      vertex 0 8.59554 -7.5
      vertex -0.84251 8.55415 7.5
      vertex 0 8.59554 7.5
    endloop
  endfacet
  facet normal -0.0490678 0.998795 0
    outer loop
      vertex -0.84251 8.55415 7.5
      vertex 0 8.59554 -7.5
      vertex -0.84251 8.55415 -7.5
    endloop
  endfacet
  facet normal -0.803204 0.595705 0
    outer loop
      vertex -7.14693 4.77543 -7.5
      vertex -6.64444 5.45295 7.5
      vertex -6.64444 5.45295 -7.5
    endloop
  endfacet
  facet normal -0.803204 0.595705 0
    outer loop
      vertex -6.64444 5.45295 7.5
      vertex -7.14693 4.77543 -7.5
      vertex -7.14693 4.77543 7.5
    endloop
  endfacet
  facet normal -0.740949 -0.671562 0
    outer loop
      vertex -6.07796 -6.07796 -7.5
      vertex -6.64444 -5.45295 7.5
      vertex -6.64444 -5.45295 -7.5
    endloop
  endfacet
  facet normal -0.740949 -0.671562 0
    outer loop
      vertex -6.64444 -5.45295 7.5
      vertex -6.07796 -6.07796 -7.5
      vertex -6.07796 -6.07796 7.5
    endloop
  endfacet
  facet normal 0.0490678 -0.998795 0
    outer loop
      vertex 0 -8.59554 -7.5
      vertex 0.84251 -8.55415 7.5
      vertex 0 -8.59554 7.5
    endloop
  endfacet
  facet normal 0.0490678 -0.998795 0
    outer loop
      vertex 0.84251 -8.55415 7.5
      vertex 0 -8.59554 -7.5
      vertex 0.84251 -8.55415 -7.5
    endloop
  endfacet
  facet normal -0.989177 -0.146729 0
    outer loop
      vertex -8.43038 -1.67691 -7.5
      vertex -8.55415 -0.84251 7.5
      vertex -8.55415 -0.84251 -7.5
    endloop
  endfacet
  facet normal -0.989177 -0.146729 0
    outer loop
      vertex -8.55415 -0.84251 7.5
      vertex -8.43038 -1.67691 -7.5
      vertex -8.43038 -1.67691 7.5
    endloop
  endfacet
  facet normal 0.0490678 0.998795 -0
    outer loop
      vertex 0.84251 8.55415 -7.5
      vertex 0 8.59554 7.5
      vertex 0.84251 8.55415 7.5
    endloop
  endfacet
  facet normal 0.0490678 0.998795 0
    outer loop
      vertex 0 8.59554 7.5
      vertex 0.84251 8.55415 -7.5
      vertex 0 8.59554 -7.5
    endloop
  endfacet
  facet normal -0.970031 0.242982 0
    outer loop
      vertex -8.43038 1.67691 -7.5
      vertex -8.22542 2.49515 7.5
      vertex -8.22542 2.49515 -7.5
    endloop
  endfacet
  facet normal -0.970031 0.242982 0
    outer loop
      vertex -8.22542 2.49515 7.5
      vertex -8.43038 1.67691 -7.5
      vertex -8.43038 1.67691 7.5
    endloop
  endfacet
  facet normal -0.903991 0.427551 0
    outer loop
      vertex -7.94124 3.28937 -7.5
      vertex -7.58059 4.05191 7.5
      vertex -7.58059 4.05191 -7.5
    endloop
  endfacet
  facet normal -0.903991 0.427551 0
    outer loop
      vertex -7.58059 4.05191 7.5
      vertex -7.94124 3.28937 -7.5
      vertex -7.94124 3.28937 7.5
    endloop
  endfacet
  facet normal 0.941543 -0.336894 0
    outer loop
      vertex 7.94124 -3.28937 7.5
      vertex 8.22542 -2.49515 -7.5
      vertex 8.22542 -2.49515 7.5
    endloop
  endfacet
  facet normal 0.941543 -0.336894 0
    outer loop
      vertex 8.22542 -2.49515 -7.5
      vertex 7.94124 -3.28937 7.5
      vertex 7.94124 -3.28937 -7.5
    endloop
  endfacet
  facet normal -0.671562 -0.740949 0
    outer loop
      vertex -6.07796 -6.07796 -7.5
      vertex -5.45295 -6.64444 7.5
      vertex -6.07796 -6.07796 7.5
    endloop
  endfacet
  facet normal -0.671562 -0.740949 -0
    outer loop
      vertex -5.45295 -6.64444 7.5
      vertex -6.07796 -6.07796 -7.5
      vertex -5.45295 -6.64444 -7.5
    endloop
  endfacet
  facet normal -0.0490678 -0.998795 0
    outer loop
      vertex -0.84251 -8.55415 -7.5
      vertex 0 -8.59554 7.5
      vertex -0.84251 -8.55415 7.5
    endloop
  endfacet
  facet normal -0.0490678 -0.998795 -0
    outer loop
      vertex 0 -8.59554 7.5
      vertex -0.84251 -8.55415 -7.5
      vertex 0 -8.59554 -7.5
    endloop
  endfacet
  facet normal -0.998795 0.0490678 0
    outer loop
      vertex -8.59554 0 -7.5
      vertex -8.55415 0.84251 7.5
      vertex -8.55415 0.84251 -7.5
    endloop
  endfacet
  facet normal -0.998795 0.0490678 0
    outer loop
      vertex -8.55415 0.84251 7.5
      vertex -8.59554 0 -7.5
      vertex -8.59554 0 7.5
    endloop
  endfacet
  facet normal -0.336894 -0.941543 0
    outer loop
      vertex -3.28937 -7.94124 -7.5
      vertex -2.49515 -8.22542 7.5
      vertex -3.28937 -7.94124 7.5
    endloop
  endfacet
  facet normal -0.336894 -0.941543 -0
    outer loop
      vertex -2.49515 -8.22542 7.5
      vertex -3.28937 -7.94124 -7.5
      vertex -2.49515 -8.22542 -7.5
    endloop
  endfacet
  facet normal 0.740949 -0.671562 0
    outer loop
      vertex 6.07796 -6.07796 7.5
      vertex 6.64444 -5.45295 -7.5
      vertex 6.64444 -5.45295 7.5
    endloop
  endfacet
  facet normal 0.740949 -0.671562 0
    outer loop
      vertex 6.64444 -5.45295 -7.5
      vertex 6.07796 -6.07796 7.5
      vertex 6.07796 -6.07796 -7.5
    endloop
  endfacet
  facet normal -0.989177 -0.146727 0
    outer loop
      vertex 6.06619 0.597467 -7.5
      vertex 5.97842 1.18918 -2.6
      vertex 5.97842 1.18918 -7.5
    endloop
  endfacet
  facet normal -0.989177 -0.146727 0
    outer loop
      vertex 5.97842 1.18918 -2.6
      vertex 6.06619 0.597467 -7.5
      vertex 6.06619 0.597467 -2.6
    endloop
  endfacet
  facet normal -0.998796 -0.0490649 0
    outer loop
      vertex 6.09554 0 -7.5
      vertex 6.06619 0.597467 -2.6
      vertex 6.06619 0.597467 -7.5
    endloop
  endfacet
  facet normal -0.998796 -0.0490649 0
    outer loop
      vertex 6.06619 0.597467 -2.6
      vertex 6.09554 0 -7.5
      vertex 6.09554 0 -2.6
    endloop
  endfacet
  facet normal -0.97003 -0.242984 0
    outer loop
      vertex 5.97842 1.18918 -7.5
      vertex 5.83307 1.76944 -2.6
      vertex 5.83307 1.76944 -7.5
    endloop
  endfacet
  facet normal -0.97003 -0.242984 0
    outer loop
      vertex 5.83307 1.76944 -2.6
      vertex 5.97842 1.18918 -7.5
      vertex 5.97842 1.18918 -2.6
    endloop
  endfacet
  facet normal 0.514105 0.857727 -0
    outer loop
      vertex -2.87342 -5.37579 -7.5
      vertex -3.3865 -5.06826 -2.6
      vertex -2.87342 -5.37579 -2.6
    endloop
  endfacet
  facet normal 0.514105 0.857727 0
    outer loop
      vertex -3.3865 -5.06826 -2.6
      vertex -2.87342 -5.37579 -7.5
      vertex -3.3865 -5.06826 -7.5
    endloop
  endfacet
  facet normal 0.514105 -0.857727 0
    outer loop
      vertex -3.3865 5.06826 -7.5
      vertex -2.87342 5.37579 -2.6
      vertex -3.3865 5.06826 -2.6
    endloop
  endfacet
  facet normal 0.514105 -0.857727 0
    outer loop
      vertex -2.87342 5.37579 -2.6
      vertex -3.3865 5.06826 -7.5
      vertex -2.87342 5.37579 -7.5
    endloop
  endfacet
  facet normal 0.941546 -0.336885 0
    outer loop
      vertex -5.83307 1.76944 -2.6
      vertex -5.63155 2.33266 -7.5
      vertex -5.63155 2.33266 -2.6
    endloop
  endfacet
  facet normal 0.941546 -0.336885 0
    outer loop
      vertex -5.63155 2.33266 -7.5
      vertex -5.83307 1.76944 -2.6
      vertex -5.83307 1.76944 -7.5
    endloop
  endfacet
  facet normal -0.336885 -0.941546 0
    outer loop
      vertex 1.76944 5.83307 -7.5
      vertex 2.33266 5.63155 -2.6
      vertex 1.76944 5.83307 -2.6
    endloop
  endfacet
  facet normal -0.336885 -0.941546 -0
    outer loop
      vertex 2.33266 5.63155 -2.6
      vertex 1.76944 5.83307 -7.5
      vertex 2.33266 5.63155 -7.5
    endloop
  endfacet
  facet normal 0.941546 0.336885 0
    outer loop
      vertex -5.63155 -2.33266 -2.6
      vertex -5.83307 -1.76944 -7.5
      vertex -5.83307 -1.76944 -2.6
    endloop
  endfacet
  facet normal 0.941546 0.336885 0
    outer loop
      vertex -5.83307 -1.76944 -7.5
      vertex -5.63155 -2.33266 -2.6
      vertex -5.63155 -2.33266 -7.5
    endloop
  endfacet
  facet normal 0.146727 -0.989177 0
    outer loop
      vertex -1.18918 5.97842 -7.5
      vertex -0.597467 6.06619 -2.6
      vertex -1.18918 5.97842 -2.6
    endloop
  endfacet
  facet normal 0.146727 -0.989177 0
    outer loop
      vertex -0.597467 6.06619 -2.6
      vertex -1.18918 5.97842 -7.5
      vertex -0.597467 6.06619 -7.5
    endloop
  endfacet
  facet normal -0.146727 0.989177 0
    outer loop
      vertex 1.18918 -5.97842 -7.5
      vertex 0.597467 -6.06619 -2.6
      vertex 1.18918 -5.97842 -2.6
    endloop
  endfacet
  facet normal -0.146727 0.989177 0
    outer loop
      vertex 0.597467 -6.06619 -2.6
      vertex 1.18918 -5.97842 -7.5
      vertex 0.597467 -6.06619 -7.5
    endloop
  endfacet
  facet normal 0.740951 -0.671559 0
    outer loop
      vertex -4.71192 3.86697 -2.6
      vertex -4.3102 4.3102 -7.5
      vertex -4.3102 4.3102 -2.6
    endloop
  endfacet
  facet normal 0.740951 -0.671559 0
    outer loop
      vertex -4.3102 4.3102 -7.5
      vertex -4.71192 3.86697 -2.6
      vertex -4.71192 3.86697 -7.5
    endloop
  endfacet
  facet normal -0.427555 0.90399 0
    outer loop
      vertex 2.87342 -5.37579 -7.5
      vertex 2.33266 -5.63155 -2.6
      vertex 2.87342 -5.37579 -2.6
    endloop
  endfacet
  facet normal -0.427555 0.90399 0
    outer loop
      vertex 2.33266 -5.63155 -2.6
      vertex 2.87342 -5.37579 -7.5
      vertex 2.33266 -5.63155 -7.5
    endloop
  endfacet
  facet normal -0.803208 0.595698 0
    outer loop
      vertex 4.71192 -3.86697 -7.5
      vertex 5.06826 -3.3865 -2.6
      vertex 5.06826 -3.3865 -7.5
    endloop
  endfacet
  facet normal -0.803208 0.595698 0
    outer loop
      vertex 5.06826 -3.3865 -2.6
      vertex 4.71192 -3.86697 -7.5
      vertex 4.71192 -3.86697 -2.6
    endloop
  endfacet
  facet normal -0.989177 0.146727 0
    outer loop
      vertex 5.97842 -1.18918 -7.5
      vertex 6.06619 -0.597467 -2.6
      vertex 6.06619 -0.597467 -7.5
    endloop
  endfacet
  facet normal -0.989177 0.146727 0
    outer loop
      vertex 6.06619 -0.597467 -2.6
      vertex 5.97842 -1.18918 -7.5
      vertex 5.97842 -1.18918 -2.6
    endloop
  endfacet
  facet normal -0.671559 0.740951 0
    outer loop
      vertex 4.3102 -4.3102 -7.5
      vertex 3.86697 -4.71192 -2.6
      vertex 4.3102 -4.3102 -2.6
    endloop
  endfacet
  facet normal -0.671559 0.740951 0
    outer loop
      vertex 3.86697 -4.71192 -2.6
      vertex 4.3102 -4.3102 -7.5
      vertex 3.86697 -4.71192 -7.5
    endloop
  endfacet
  facet normal -0.0490649 -0.998796 0
    outer loop
      vertex 0 6.09554 -7.5
      vertex 0.597467 6.06619 -2.6
      vertex 0 6.09554 -2.6
    endloop
  endfacet
  facet normal -0.0490649 -0.998796 -0
    outer loop
      vertex 0.597467 6.06619 -2.6
      vertex 0 6.09554 -7.5
      vertex 0.597467 6.06619 -7.5
    endloop
  endfacet
  facet normal -0.427555 -0.90399 0
    outer loop
      vertex 2.33266 5.63155 -7.5
      vertex 2.87342 5.37579 -2.6
      vertex 2.33266 5.63155 -2.6
    endloop
  endfacet
  facet normal -0.427555 -0.90399 -0
    outer loop
      vertex 2.87342 5.37579 -2.6
      vertex 2.33266 5.63155 -7.5
      vertex 2.87342 5.37579 -7.5
    endloop
  endfacet
  facet normal 0.427555 -0.90399 0
    outer loop
      vertex -2.87342 5.37579 -7.5
      vertex -2.33266 5.63155 -2.6
      vertex -2.87342 5.37579 -2.6
    endloop
  endfacet
  facet normal 0.427555 -0.90399 0
    outer loop
      vertex -2.33266 5.63155 -2.6
      vertex -2.87342 5.37579 -7.5
      vertex -2.33266 5.63155 -7.5
    endloop
  endfacet
  facet normal 0.857727 0.514105 0
    outer loop
      vertex -5.06826 -3.3865 -2.6
      vertex -5.37579 -2.87342 -7.5
      vertex -5.37579 -2.87342 -2.6
    endloop
  endfacet
  facet normal 0.857727 0.514105 0
    outer loop
      vertex -5.37579 -2.87342 -7.5
      vertex -5.06826 -3.3865 -2.6
      vertex -5.06826 -3.3865 -7.5
    endloop
  endfacet
  facet normal 0.242984 0.97003 -0
    outer loop
      vertex -1.18918 -5.97842 -7.5
      vertex -1.76944 -5.83307 -2.6
      vertex -1.18918 -5.97842 -2.6
    endloop
  endfacet
  facet normal 0.242984 0.97003 0
    outer loop
      vertex -1.76944 -5.83307 -2.6
      vertex -1.18918 -5.97842 -7.5
      vertex -1.76944 -5.83307 -7.5
    endloop
  endfacet
  facet normal -0.740951 0.671559 0
    outer loop
      vertex 4.3102 -4.3102 -7.5
      vertex 4.71192 -3.86697 -2.6
      vertex 4.71192 -3.86697 -7.5
    endloop
  endfacet
  facet normal -0.740951 0.671559 0
    outer loop
      vertex 4.71192 -3.86697 -2.6
      vertex 4.3102 -4.3102 -7.5
      vertex 4.3102 -4.3102 -2.6
    endloop
  endfacet
  facet normal 0.97003 0.242984 0
    outer loop
      vertex -5.83307 -1.76944 -2.6
      vertex -5.97842 -1.18918 -7.5
      vertex -5.97842 -1.18918 -2.6
    endloop
  endfacet
  facet normal 0.97003 0.242984 0
    outer loop
      vertex -5.97842 -1.18918 -7.5
      vertex -5.83307 -1.76944 -2.6
      vertex -5.83307 -1.76944 -7.5
    endloop
  endfacet
  facet normal 0.671559 0.740951 -0
    outer loop
      vertex -3.86697 -4.71192 -7.5
      vertex -4.3102 -4.3102 -2.6
      vertex -3.86697 -4.71192 -2.6
    endloop
  endfacet
  facet normal 0.671559 0.740951 0
    outer loop
      vertex -4.3102 -4.3102 -2.6
      vertex -3.86697 -4.71192 -7.5
      vertex -4.3102 -4.3102 -7.5
    endloop
  endfacet
  facet normal -0.97003 0.242984 0
    outer loop
      vertex 5.83307 -1.76944 -7.5
      vertex 5.97842 -1.18918 -2.6
      vertex 5.97842 -1.18918 -7.5
    endloop
  endfacet
  facet normal -0.97003 0.242984 0
    outer loop
      vertex 5.97842 -1.18918 -2.6
      vertex 5.83307 -1.76944 -7.5
      vertex 5.83307 -1.76944 -2.6
    endloop
  endfacet
  facet normal 0.336885 -0.941546 0
    outer loop
      vertex -2.33266 5.63155 -7.5
      vertex -1.76944 5.83307 -2.6
      vertex -2.33266 5.63155 -2.6
    endloop
  endfacet
  facet normal 0.336885 -0.941546 0
    outer loop
      vertex -1.76944 5.83307 -2.6
      vertex -2.33266 5.63155 -7.5
      vertex -1.76944 5.83307 -7.5
    endloop
  endfacet
  facet normal 0.595698 -0.803208 0
    outer loop
      vertex -3.86697 4.71192 -7.5
      vertex -3.3865 5.06826 -2.6
      vertex -3.86697 4.71192 -2.6
    endloop
  endfacet
  facet normal 0.595698 -0.803208 0
    outer loop
      vertex -3.3865 5.06826 -2.6
      vertex -3.86697 4.71192 -7.5
      vertex -3.3865 5.06826 -7.5
    endloop
  endfacet
  facet normal -0.242984 0.97003 0
    outer loop
      vertex 1.76944 -5.83307 -7.5
      vertex 1.18918 -5.97842 -2.6
      vertex 1.76944 -5.83307 -2.6
    endloop
  endfacet
  facet normal -0.242984 0.97003 0
    outer loop
      vertex 1.18918 -5.97842 -2.6
      vertex 1.76944 -5.83307 -7.5
      vertex 1.18918 -5.97842 -7.5
    endloop
  endfacet
  facet normal 0.242984 -0.97003 0
    outer loop
      vertex -1.76944 5.83307 -7.5
      vertex -1.18918 5.97842 -2.6
      vertex -1.76944 5.83307 -2.6
    endloop
  endfacet
  facet normal 0.242984 -0.97003 0
    outer loop
      vertex -1.18918 5.97842 -2.6
      vertex -1.76944 5.83307 -7.5
      vertex -1.18918 5.97842 -7.5
    endloop
  endfacet
  facet normal -0.803208 -0.595698 0
    outer loop
      vertex 5.06826 3.3865 -7.5
      vertex 4.71192 3.86697 -2.6
      vertex 4.71192 3.86697 -7.5
    endloop
  endfacet
  facet normal -0.803208 -0.595698 0
    outer loop
      vertex 4.71192 3.86697 -2.6
      vertex 5.06826 3.3865 -7.5
      vertex 5.06826 3.3865 -2.6
    endloop
  endfacet
  facet normal 0.857727 -0.514105 0
    outer loop
      vertex -5.37579 2.87342 -2.6
      vertex -5.06826 3.3865 -7.5
      vertex -5.06826 3.3865 -2.6
    endloop
  endfacet
  facet normal 0.857727 -0.514105 0
    outer loop
      vertex -5.06826 3.3865 -7.5
      vertex -5.37579 2.87342 -2.6
      vertex -5.37579 2.87342 -7.5
    endloop
  endfacet
  facet normal 0 0 -1
    outer loop
      vertex 2.25 0 -2.6
      vertex 6.09554 0 -2.6
      vertex 6.06619 -0.597467 -2.6
    endloop
  endfacet
  facet normal 0 0 -1
    outer loop
      vertex 2.23917 -0.220538 -2.6
      vertex 6.06619 -0.597467 -2.6
      vertex 5.97842 -1.18918 -2.6
    endloop
  endfacet
  facet normal 0 0 -1
    outer loop
      vertex 6.09554 0 -2.6
      vertex 2.25 0 -2.6
      vertex 6.06619 0.597467 -2.6
    endloop
  endfacet
  facet normal 0 0 -1
    outer loop
      vertex 2.20677 -0.438952 -2.6
      vertex 5.97842 -1.18918 -2.6
      vertex 5.83307 -1.76944 -2.6
    endloop
  endfacet
  facet normal 0 0 -1
    outer loop
      vertex 2.23917 0.220538 -2.6
      vertex 6.06619 0.597467 -2.6
      vertex 2.25 0 -2.6
    endloop
  endfacet
  facet normal 0 0 -1
    outer loop
      vertex 2.15312 -0.65314 -2.6
      vertex 5.83307 -1.76944 -2.6
      vertex 5.63155 -2.33266 -2.6
    endloop
  endfacet
  facet normal -0 0 -1
    outer loop
      vertex 6.06619 0.597467 -2.6
      vertex 2.23917 0.220538 -2.6
      vertex 5.97842 1.18918 -2.6
    endloop
  endfacet
  facet normal 0 0 -1
    outer loop
      vertex 2.07873 -0.861037 -2.6
      vertex 5.63155 -2.33266 -2.6
      vertex 5.37579 -2.87342 -2.6
    endloop
  endfacet
  facet normal 0 0 -1
    outer loop
      vertex 2.20677 0.438952 -2.6
      vertex 5.97842 1.18918 -2.6
      vertex 2.23917 0.220538 -2.6
    endloop
  endfacet
  facet normal 0 0 -1
    outer loop
      vertex 1.98432 -1.06064 -2.6
      vertex 5.37579 -2.87342 -2.6
      vertex 5.06826 -3.3865 -2.6
    endloop
  endfacet
  facet normal -0 0 -1
    outer loop
      vertex 5.97842 1.18918 -2.6
      vertex 2.20677 0.438952 -2.6
      vertex 5.83307 1.76944 -2.6
    endloop
  endfacet
  facet normal 0 0 -1
    outer loop
      vertex 1.87081 -1.25003 -2.6
      vertex 5.06826 -3.3865 -2.6
      vertex 4.71192 -3.86697 -2.6
    endloop
  endfacet
  facet normal 0 0 -1
    outer loop
      vertex 2.15312 0.65314 -2.6
      vertex 5.83307 1.76944 -2.6
      vertex 2.20677 0.438952 -2.6
    endloop
  endfacet
  facet normal 0 0 -1
    outer loop
      vertex 1.73927 -1.42738 -2.6
      vertex 4.71192 -3.86697 -2.6
      vertex 4.3102 -4.3102 -2.6
    endloop
  endfacet
  facet normal -0 0 -1
    outer loop
      vertex 5.83307 1.76944 -2.6
      vertex 2.15312 0.65314 -2.6
      vertex 5.63155 2.33266 -2.6
    endloop
  endfacet
  facet normal 0 0 -1
    outer loop
      vertex 1.59099 -1.59099 -2.6
      vertex 4.3102 -4.3102 -2.6
      vertex 3.86697 -4.71192 -2.6
    endloop
  endfacet
  facet normal 0 0 -1
    outer loop
      vertex 2.07873 0.861037 -2.6
      vertex 5.63155 2.33266 -2.6
      vertex 2.15312 0.65314 -2.6
    endloop
  endfacet
  facet normal 0 0 -1
    outer loop
      vertex 1.42738 -1.73927 -2.6
      vertex 3.86697 -4.71192 -2.6
      vertex 3.3865 -5.06826 -2.6
    endloop
  endfacet
  facet normal -0 0 -1
    outer loop
      vertex 5.63155 2.33266 -2.6
      vertex 2.07873 0.861037 -2.6
      vertex 5.37579 2.87342 -2.6
    endloop
  endfacet
  facet normal 0 0 -1
    outer loop
      vertex 1.25003 -1.87081 -2.6
      vertex 3.3865 -5.06826 -2.6
      vertex 2.87342 -5.37579 -2.6
    endloop
  endfacet
  facet normal 0 0 -1
    outer loop
      vertex 1.98432 1.06064 -2.6
      vertex 5.37579 2.87342 -2.6
      vertex 2.07873 0.861037 -2.6
    endloop
  endfacet
  facet normal 0 0 -1
    outer loop
      vertex 1.06064 -1.98432 -2.6
      vertex 2.87342 -5.37579 -2.6
      vertex 2.33266 -5.63155 -2.6
    endloop
  endfacet
  facet normal -0 0 -1
    outer loop
      vertex 5.37579 2.87342 -2.6
      vertex 1.98432 1.06064 -2.6
      vertex 5.06826 3.3865 -2.6
    endloop
  endfacet
  facet normal 0 0 -1
    outer loop
      vertex 1.87081 1.25003 -2.6
      vertex 5.06826 3.3865 -2.6
      vertex 1.98432 1.06064 -2.6
    endloop
  endfacet
  facet normal 0 0 -1
    outer loop
      vertex 6.06619 -0.597467 -2.6
      vertex 2.23917 -0.220538 -2.6
      vertex 2.25 0 -2.6
    endloop
  endfacet
  facet normal 0 0 -1
    outer loop
      vertex 5.97842 -1.18918 -2.6
      vertex 2.20677 -0.438952 -2.6
      vertex 2.23917 -0.220538 -2.6
    endloop
  endfacet
  facet normal 0 0 -1
    outer loop
      vertex 5.83307 -1.76944 -2.6
      vertex 2.15312 -0.65314 -2.6
      vertex 2.20677 -0.438952 -2.6
    endloop
  endfacet
  facet normal 0 0 -1
    outer loop
      vertex 5.63155 -2.33266 -2.6
      vertex 2.07873 -0.861037 -2.6
      vertex 2.15312 -0.65314 -2.6
    endloop
  endfacet
  facet normal 0 0 -1
    outer loop
      vertex 5.37579 -2.87342 -2.6
      vertex 1.98432 -1.06064 -2.6
      vertex 2.07873 -0.861037 -2.6
    endloop
  endfacet
  facet normal 0 0 -1
    outer loop
      vertex 5.06826 -3.3865 -2.6
      vertex 1.87081 -1.25003 -2.6
      vertex 1.98432 -1.06064 -2.6
    endloop
  endfacet
  facet normal 0 0 -1
    outer loop
      vertex 0.861037 -2.07873 -2.6
      vertex 2.33266 -5.63155 -2.6
      vertex 1.76944 -5.83307 -2.6
    endloop
  endfacet
  facet normal 0 0 -1
    outer loop
      vertex 4.71192 -3.86697 -2.6
      vertex 1.73927 -1.42738 -2.6
      vertex 1.87081 -1.25003 -2.6
    endloop
  endfacet
  facet normal 0 0 -1
    outer loop
      vertex 4.3102 -4.3102 -2.6
      vertex 1.59099 -1.59099 -2.6
      vertex 1.73927 -1.42738 -2.6
    endloop
  endfacet
  facet normal 0 0 -1
    outer loop
      vertex 3.86697 -4.71192 -2.6
      vertex 1.42738 -1.73927 -2.6
      vertex 1.59099 -1.59099 -2.6
    endloop
  endfacet
  facet normal 0 0 -1
    outer loop
      vertex 3.3865 -5.06826 -2.6
      vertex 1.25003 -1.87081 -2.6
      vertex 1.42738 -1.73927 -2.6
    endloop
  endfacet
  facet normal 0 0 -1
    outer loop
      vertex 0.65314 -2.15312 -2.6
      vertex 1.76944 -5.83307 -2.6
      vertex 1.18918 -5.97842 -2.6
    endloop
  endfacet
  facet normal 0 0 -1
    outer loop
      vertex 2.87342 -5.37579 -2.6
      vertex 1.06064 -1.98432 -2.6
      vertex 1.25003 -1.87081 -2.6
    endloop
  endfacet
  facet normal 0 0 -1
    outer loop
      vertex 2.33266 -5.63155 -2.6
      vertex 0.861037 -2.07873 -2.6
      vertex 1.06064 -1.98432 -2.6
    endloop
  endfacet
  facet normal 0 0 -1
    outer loop
      vertex 1.76944 -5.83307 -2.6
      vertex 0.65314 -2.15312 -2.6
      vertex 0.861037 -2.07873 -2.6
    endloop
  endfacet
  facet normal 0 0 -1
    outer loop
      vertex 0.438952 -2.20677 -2.6
      vertex 1.18918 -5.97842 -2.6
      vertex 0.597467 -6.06619 -2.6
    endloop
  endfacet
  facet normal 0 0 -1
    outer loop
      vertex 1.18918 -5.97842 -2.6
      vertex 0.438952 -2.20677 -2.6
      vertex 0.65314 -2.15312 -2.6
    endloop
  endfacet
  facet normal 0 0 -1
    outer loop
      vertex 0.597467 -6.06619 -2.6
      vertex 0.220538 -2.23917 -2.6
      vertex 0.438952 -2.20677 -2.6
    endloop
  endfacet
  facet normal 0 0 -1
    outer loop
      vertex 0 -6.09554 -2.6
      vertex 0.220538 -2.23917 -2.6
      vertex 0.597467 -6.06619 -2.6
    endloop
  endfacet
  facet normal 0 0 -1
    outer loop
      vertex 0 -6.09554 -2.6
      vertex 0 -2.25 -2.6
      vertex 0.220538 -2.23917 -2.6
    endloop
  endfacet
  facet normal 0 0 -1
    outer loop
      vertex 0 -6.09554 -2.6
      vertex -0.220538 -2.23917 -2.6
      vertex 0 -2.25 -2.6
    endloop
  endfacet
  facet normal 0 0 -1
    outer loop
      vertex -0.597467 -6.06619 -2.6
      vertex -0.220538 -2.23917 -2.6
      vertex 0 -6.09554 -2.6
    endloop
  endfacet
  facet normal -0 0 -1
    outer loop
      vertex -0.220538 -2.23917 -2.6
      vertex -0.597467 -6.06619 -2.6
      vertex -0.438952 -2.20677 -2.6
    endloop
  endfacet
  facet normal 0 0 -1
    outer loop
      vertex -1.18918 -5.97842 -2.6
      vertex -0.438952 -2.20677 -2.6
      vertex -0.597467 -6.06619 -2.6
    endloop
  endfacet
  facet normal -0 0 -1
    outer loop
      vertex -0.438952 -2.20677 -2.6
      vertex -1.18918 -5.97842 -2.6
      vertex -0.65314 -2.15312 -2.6
    endloop
  endfacet
  facet normal 0 0 -1
    outer loop
      vertex -1.76944 -5.83307 -2.6
      vertex -0.65314 -2.15312 -2.6
      vertex -1.18918 -5.97842 -2.6
    endloop
  endfacet
  facet normal -0 0 -1
    outer loop
      vertex -0.65314 -2.15312 -2.6
      vertex -1.76944 -5.83307 -2.6
      vertex -0.861037 -2.07873 -2.6
    endloop
  endfacet
  facet normal 0 0 -1
    outer loop
      vertex -2.33266 -5.63155 -2.6
      vertex -0.861037 -2.07873 -2.6
      vertex -1.76944 -5.83307 -2.6
    endloop
  endfacet
  facet normal -0 0 -1
    outer loop
      vertex -0.861037 -2.07873 -2.6
      vertex -2.33266 -5.63155 -2.6
      vertex -1.06064 -1.98432 -2.6
    endloop
  endfacet
  facet normal 0 0 -1
    outer loop
      vertex -2.87342 -5.37579 -2.6
      vertex -1.06064 -1.98432 -2.6
      vertex -2.33266 -5.63155 -2.6
    endloop
  endfacet
  facet normal -0 0 -1
    outer loop
      vertex -1.06064 -1.98432 -2.6
      vertex -2.87342 -5.37579 -2.6
      vertex -1.25003 -1.87081 -2.6
    endloop
  endfacet
  facet normal 0 0 -1
    outer loop
      vertex -3.3865 -5.06826 -2.6
      vertex -1.25003 -1.87081 -2.6
      vertex -2.87342 -5.37579 -2.6
    endloop
  endfacet
  facet normal -0 0 -1
    outer loop
      vertex -1.25003 -1.87081 -2.6
      vertex -3.3865 -5.06826 -2.6
      vertex -1.42738 -1.73927 -2.6
    endloop
  endfacet
  facet normal 0 0 -1
    outer loop
      vertex -3.86697 -4.71192 -2.6
      vertex -1.42738 -1.73927 -2.6
      vertex -3.3865 -5.06826 -2.6
    endloop
  endfacet
  facet normal -0 0 -1
    outer loop
      vertex -1.42738 -1.73927 -2.6
      vertex -3.86697 -4.71192 -2.6
      vertex -1.59099 -1.59099 -2.6
    endloop
  endfacet
  facet normal 0 0 -1
    outer loop
      vertex -4.3102 -4.3102 -2.6
      vertex -1.59099 -1.59099 -2.6
      vertex -3.86697 -4.71192 -2.6
    endloop
  endfacet
  facet normal -0 0 -1
    outer loop
      vertex -1.59099 -1.59099 -2.6
      vertex -4.3102 -4.3102 -2.6
      vertex -1.73927 -1.42738 -2.6
    endloop
  endfacet
  facet normal 0 0 -1
    outer loop
      vertex -4.71192 -3.86697 -2.6
      vertex -1.73927 -1.42738 -2.6
      vertex -4.3102 -4.3102 -2.6
    endloop
  endfacet
  facet normal 0 0 -1
    outer loop
      vertex -5.06826 -3.3865 -2.6
      vertex -1.87081 -1.25003 -2.6
      vertex -4.71192 -3.86697 -2.6
    endloop
  endfacet
  facet normal -0 0 -1
    outer loop
      vertex -1.73927 -1.42738 -2.6
      vertex -4.71192 -3.86697 -2.6
      vertex -1.87081 -1.25003 -2.6
    endloop
  endfacet
  facet normal -0 0 -1
    outer loop
      vertex 5.06826 3.3865 -2.6
      vertex 1.87081 1.25003 -2.6
      vertex 4.71192 3.86697 -2.6
    endloop
  endfacet
  facet normal 0 0 -1
    outer loop
      vertex 1.73927 1.42738 -2.6
      vertex 4.71192 3.86697 -2.6
      vertex 1.87081 1.25003 -2.6
    endloop
  endfacet
  facet normal -0 0 -1
    outer loop
      vertex 4.71192 3.86697 -2.6
      vertex 1.73927 1.42738 -2.6
      vertex 4.3102 4.3102 -2.6
    endloop
  endfacet
  facet normal 0 0 -1
    outer loop
      vertex 1.59099 1.59099 -2.6
      vertex 4.3102 4.3102 -2.6
      vertex 1.73927 1.42738 -2.6
    endloop
  endfacet
  facet normal -0 0 -1
    outer loop
      vertex 4.3102 4.3102 -2.6
      vertex 1.59099 1.59099 -2.6
      vertex 3.86697 4.71192 -2.6
    endloop
  endfacet
  facet normal 0 0 -1
    outer loop
      vertex 1.42738 1.73927 -2.6
      vertex 3.86697 4.71192 -2.6
      vertex 1.59099 1.59099 -2.6
    endloop
  endfacet
  facet normal -0 0 -1
    outer loop
      vertex 3.86697 4.71192 -2.6
      vertex 1.42738 1.73927 -2.6
      vertex 3.3865 5.06826 -2.6
    endloop
  endfacet
  facet normal 0 0 -1
    outer loop
      vertex 1.25003 1.87081 -2.6
      vertex 3.3865 5.06826 -2.6
      vertex 1.42738 1.73927 -2.6
    endloop
  endfacet
  facet normal -0 0 -1
    outer loop
      vertex 3.3865 5.06826 -2.6
      vertex 1.25003 1.87081 -2.6
      vertex 2.87342 5.37579 -2.6
    endloop
  endfacet
  facet normal 0 0 -1
    outer loop
      vertex 1.06064 1.98432 -2.6
      vertex 2.87342 5.37579 -2.6
      vertex 1.25003 1.87081 -2.6
    endloop
  endfacet
  facet normal -0 0 -1
    outer loop
      vertex 2.87342 5.37579 -2.6
      vertex 1.06064 1.98432 -2.6
      vertex 2.33266 5.63155 -2.6
    endloop
  endfacet
  facet normal 0 0 -1
    outer loop
      vertex 0.861037 2.07873 -2.6
      vertex 2.33266 5.63155 -2.6
      vertex 1.06064 1.98432 -2.6
    endloop
  endfacet
  facet normal -0 0 -1
    outer loop
      vertex 2.33266 5.63155 -2.6
      vertex 0.861037 2.07873 -2.6
      vertex 1.76944 5.83307 -2.6
    endloop
  endfacet
  facet normal 0 0 -1
    outer loop
      vertex 0.65314 2.15312 -2.6
      vertex 1.76944 5.83307 -2.6
      vertex 0.861037 2.07873 -2.6
    endloop
  endfacet
  facet normal -0 0 -1
    outer loop
      vertex 1.76944 5.83307 -2.6
      vertex 0.65314 2.15312 -2.6
      vertex 1.18918 5.97842 -2.6
    endloop
  endfacet
  facet normal 0 0 -1
    outer loop
      vertex 0.438952 2.20677 -2.6
      vertex 1.18918 5.97842 -2.6
      vertex 0.65314 2.15312 -2.6
    endloop
  endfacet
  facet normal -0 0 -1
    outer loop
      vertex 1.18918 5.97842 -2.6
      vertex 0.438952 2.20677 -2.6
      vertex 0.597467 6.06619 -2.6
    endloop
  endfacet
  facet normal 0 0 -1
    outer loop
      vertex 0.220538 2.23917 -2.6
      vertex 0.597467 6.06619 -2.6
      vertex 0.438952 2.20677 -2.6
    endloop
  endfacet
  facet normal 0 0 -1
    outer loop
      vertex 0 2.25 -2.6
      vertex 0.597467 6.06619 -2.6
      vertex 0.220538 2.23917 -2.6
    endloop
  endfacet
  facet normal 0 0 -1
    outer loop
      vertex 0 2.25 -2.6
      vertex 0 6.09554 -2.6
      vertex 0.597467 6.06619 -2.6
    endloop
  endfacet
  facet normal 0 0 -1
    outer loop
      vertex -0.220538 2.23917 -2.6
      vertex 0 6.09554 -2.6
      vertex 0 2.25 -2.6
    endloop
  endfacet
  facet normal 0 0 -1
    outer loop
      vertex -0.597467 6.06619 -2.6
      vertex -0.220538 2.23917 -2.6
      vertex -0.438952 2.20677 -2.6
    endloop
  endfacet
  facet normal 0 0 -1
    outer loop
      vertex -0.220538 2.23917 -2.6
      vertex -0.597467 6.06619 -2.6
      vertex 0 6.09554 -2.6
    endloop
  endfacet
  facet normal 0 0 -1
    outer loop
      vertex -1.18918 5.97842 -2.6
      vertex -0.438952 2.20677 -2.6
      vertex -0.65314 2.15312 -2.6
    endloop
  endfacet
  facet normal 0 0 -1
    outer loop
      vertex -1.76944 5.83307 -2.6
      vertex -0.65314 2.15312 -2.6
      vertex -0.861037 2.07873 -2.6
    endloop
  endfacet
  facet normal 0 0 -1
    outer loop
      vertex -2.33266 5.63155 -2.6
      vertex -0.861037 2.07873 -2.6
      vertex -1.06064 1.98432 -2.6
    endloop
  endfacet
  facet normal 0 0 -1
    outer loop
      vertex -0.438952 2.20677 -2.6
      vertex -1.18918 5.97842 -2.6
      vertex -0.597467 6.06619 -2.6
    endloop
  endfacet
  facet normal 0 0 -1
    outer loop
      vertex -2.87342 5.37579 -2.6
      vertex -1.06064 1.98432 -2.6
      vertex -1.25003 1.87081 -2.6
    endloop
  endfacet
  facet normal 0 0 -1
    outer loop
      vertex -3.3865 5.06826 -2.6
      vertex -1.25003 1.87081 -2.6
      vertex -1.42738 1.73927 -2.6
    endloop
  endfacet
  facet normal 0 0 -1
    outer loop
      vertex -3.86697 4.71192 -2.6
      vertex -1.42738 1.73927 -2.6
      vertex -1.59099 1.59099 -2.6
    endloop
  endfacet
  facet normal 0 0 -1
    outer loop
      vertex -4.3102 4.3102 -2.6
      vertex -1.59099 1.59099 -2.6
      vertex -1.73927 1.42738 -2.6
    endloop
  endfacet
  facet normal 0 0 -1
    outer loop
      vertex -0.65314 2.15312 -2.6
      vertex -1.76944 5.83307 -2.6
      vertex -1.18918 5.97842 -2.6
    endloop
  endfacet
  facet normal 0 0 -1
    outer loop
      vertex -4.71192 3.86697 -2.6
      vertex -1.73927 1.42738 -2.6
      vertex -1.87081 1.25003 -2.6
    endloop
  endfacet
  facet normal 0 0 -1
    outer loop
      vertex -5.06826 3.3865 -2.6
      vertex -1.87081 1.25003 -2.6
      vertex -1.98432 1.06064 -2.6
    endloop
  endfacet
  facet normal 0 0 -1
    outer loop
      vertex -5.37579 2.87342 -2.6
      vertex -1.98432 1.06064 -2.6
      vertex -2.07873 0.861037 -2.6
    endloop
  endfacet
  facet normal 0 0 -1
    outer loop
      vertex -5.63155 2.33266 -2.6
      vertex -2.07873 0.861037 -2.6
      vertex -2.15312 0.65314 -2.6
    endloop
  endfacet
  facet normal 0 0 -1
    outer loop
      vertex -5.83307 1.76944 -2.6
      vertex -2.15312 0.65314 -2.6
      vertex -2.20677 0.438952 -2.6
    endloop
  endfacet
  facet normal 0 0 -1
    outer loop
      vertex -5.97842 1.18918 -2.6
      vertex -2.20677 0.438952 -2.6
      vertex -2.23917 0.220538 -2.6
    endloop
  endfacet
  facet normal 0 0 -1
    outer loop
      vertex -0.861037 2.07873 -2.6
      vertex -2.33266 5.63155 -2.6
      vertex -1.76944 5.83307 -2.6
    endloop
  endfacet
  facet normal 0 0 -1
    outer loop
      vertex -6.06619 0.597467 -2.6
      vertex -2.23917 0.220538 -2.6
      vertex -2.25 0 -2.6
    endloop
  endfacet
  facet normal -0 0 -1
    outer loop
      vertex -1.87081 -1.25003 -2.6
      vertex -5.06826 -3.3865 -2.6
      vertex -1.98432 -1.06064 -2.6
    endloop
  endfacet
  facet normal 0 0 -1
    outer loop
      vertex -5.37579 -2.87342 -2.6
      vertex -1.98432 -1.06064 -2.6
      vertex -5.06826 -3.3865 -2.6
    endloop
  endfacet
  facet normal 0 0 -1
    outer loop
      vertex -1.06064 1.98432 -2.6
      vertex -2.87342 5.37579 -2.6
      vertex -2.33266 5.63155 -2.6
    endloop
  endfacet
  facet normal -0 0 -1
    outer loop
      vertex -1.98432 -1.06064 -2.6
      vertex -5.37579 -2.87342 -2.6
      vertex -2.07873 -0.861037 -2.6
    endloop
  endfacet
  facet normal 0 0 -1
    outer loop
      vertex -1.25003 1.87081 -2.6
      vertex -3.3865 5.06826 -2.6
      vertex -2.87342 5.37579 -2.6
    endloop
  endfacet
  facet normal 0 0 -1
    outer loop
      vertex -5.63155 -2.33266 -2.6
      vertex -2.07873 -0.861037 -2.6
      vertex -5.37579 -2.87342 -2.6
    endloop
  endfacet
  facet normal 0 0 -1
    outer loop
      vertex -1.42738 1.73927 -2.6
      vertex -3.86697 4.71192 -2.6
      vertex -3.3865 5.06826 -2.6
    endloop
  endfacet
  facet normal -0 0 -1
    outer loop
      vertex -2.07873 -0.861037 -2.6
      vertex -5.63155 -2.33266 -2.6
      vertex -2.15312 -0.65314 -2.6
    endloop
  endfacet
  facet normal 0 0 -1
    outer loop
      vertex -1.59099 1.59099 -2.6
      vertex -4.3102 4.3102 -2.6
      vertex -3.86697 4.71192 -2.6
    endloop
  endfacet
  facet normal 0 0 -1
    outer loop
      vertex -5.83307 -1.76944 -2.6
      vertex -2.15312 -0.65314 -2.6
      vertex -5.63155 -2.33266 -2.6
    endloop
  endfacet
  facet normal 0 0 -1
    outer loop
      vertex -1.73927 1.42738 -2.6
      vertex -4.71192 3.86697 -2.6
      vertex -4.3102 4.3102 -2.6
    endloop
  endfacet
  facet normal -0 0 -1
    outer loop
      vertex -2.15312 -0.65314 -2.6
      vertex -5.83307 -1.76944 -2.6
      vertex -2.20677 -0.438952 -2.6
    endloop
  endfacet
  facet normal 0 0 -1
    outer loop
      vertex -1.87081 1.25003 -2.6
      vertex -5.06826 3.3865 -2.6
      vertex -4.71192 3.86697 -2.6
    endloop
  endfacet
  facet normal 0 0 -1
    outer loop
      vertex -5.97842 -1.18918 -2.6
      vertex -2.20677 -0.438952 -2.6
      vertex -5.83307 -1.76944 -2.6
    endloop
  endfacet
  facet normal 0 0 -1
    outer loop
      vertex -1.98432 1.06064 -2.6
      vertex -5.37579 2.87342 -2.6
      vertex -5.06826 3.3865 -2.6
    endloop
  endfacet
  facet normal -0 0 -1
    outer loop
      vertex -2.20677 -0.438952 -2.6
      vertex -5.97842 -1.18918 -2.6
      vertex -2.23917 -0.220538 -2.6
    endloop
  endfacet
  facet normal 0 0 -1
    outer loop
      vertex -2.07873 0.861037 -2.6
      vertex -5.63155 2.33266 -2.6
      vertex -5.37579 2.87342 -2.6
    endloop
  endfacet
  facet normal 0 0 -1
    outer loop
      vertex -6.06619 -0.597467 -2.6
      vertex -2.23917 -0.220538 -2.6
      vertex -5.97842 -1.18918 -2.6
    endloop
  endfacet
  facet normal 0 0 -1
    outer loop
      vertex -2.15312 0.65314 -2.6
      vertex -5.83307 1.76944 -2.6
      vertex -5.63155 2.33266 -2.6
    endloop
  endfacet
  facet normal -0 0 -1
    outer loop
      vertex -2.23917 -0.220538 -2.6
      vertex -6.06619 -0.597467 -2.6
      vertex -2.25 0 -2.6
    endloop
  endfacet
  facet normal 0 0 -1
    outer loop
      vertex -2.20677 0.438952 -2.6
      vertex -5.97842 1.18918 -2.6
      vertex -5.83307 1.76944 -2.6
    endloop
  endfacet
  facet normal 0 0 -1
    outer loop
      vertex -6.09554 0 -2.6
      vertex -2.25 0 -2.6
      vertex -6.06619 -0.597467 -2.6
    endloop
  endfacet
  facet normal 0 0 -1
    outer loop
      vertex -2.23917 0.220538 -2.6
      vertex -6.06619 0.597467 -2.6
      vertex -5.97842 1.18918 -2.6
    endloop
  endfacet
  facet normal 0 0 -1
    outer loop
      vertex -2.25 0 -2.6
      vertex -6.09554 0 -2.6
      vertex -6.06619 0.597467 -2.6
    endloop
  endfacet
  facet normal -0.146727 -0.989177 0
    outer loop
      vertex 0.597467 6.06619 -7.5
      vertex 1.18918 5.97842 -2.6
      vertex 0.597467 6.06619 -2.6
    endloop
  endfacet
  facet normal -0.146727 -0.989177 -0
    outer loop
      vertex 1.18918 5.97842 -2.6
      vertex 0.597467 6.06619 -7.5
      vertex 1.18918 5.97842 -7.5
    endloop
  endfacet
  facet normal -0.998796 0.0490649 0
    outer loop
      vertex 6.06619 -0.597467 -7.5
      vertex 6.09554 0 -2.6
      vertex 6.09554 0 -7.5
    endloop
  endfacet
  facet normal -0.998796 0.0490649 0
    outer loop
      vertex 6.09554 0 -2.6
      vertex 6.06619 -0.597467 -7.5
      vertex 6.06619 -0.597467 -2.6
    endloop
  endfacet
  facet normal -0.90399 0.427555 0
    outer loop
      vertex 5.37579 -2.87342 -7.5
      vertex 5.63155 -2.33266 -2.6
      vertex 5.63155 -2.33266 -7.5
    endloop
  endfacet
  facet normal -0.90399 0.427555 0
    outer loop
      vertex 5.63155 -2.33266 -2.6
      vertex 5.37579 -2.87342 -7.5
      vertex 5.37579 -2.87342 -2.6
    endloop
  endfacet
  facet normal -0.242984 -0.97003 0
    outer loop
      vertex 1.18918 5.97842 -7.5
      vertex 1.76944 5.83307 -2.6
      vertex 1.18918 5.97842 -2.6
    endloop
  endfacet
  facet normal -0.242984 -0.97003 -0
    outer loop
      vertex 1.76944 5.83307 -2.6
      vertex 1.18918 5.97842 -7.5
      vertex 1.76944 5.83307 -7.5
    endloop
  endfacet
  facet normal -0.595698 -0.803208 0
    outer loop
      vertex 3.3865 5.06826 -7.5
      vertex 3.86697 4.71192 -2.6
      vertex 3.3865 5.06826 -2.6
    endloop
  endfacet
  facet normal -0.595698 -0.803208 -0
    outer loop
      vertex 3.86697 4.71192 -2.6
      vertex 3.3865 5.06826 -7.5
      vertex 3.86697 4.71192 -7.5
    endloop
  endfacet
  facet normal -0.514105 -0.857727 0
    outer loop
      vertex 2.87342 5.37579 -7.5
      vertex 3.3865 5.06826 -2.6
      vertex 2.87342 5.37579 -2.6
    endloop
  endfacet
  facet normal -0.514105 -0.857727 -0
    outer loop
      vertex 3.3865 5.06826 -2.6
      vertex 2.87342 5.37579 -7.5
      vertex 3.3865 5.06826 -7.5
    endloop
  endfacet
  facet normal -0.0490649 0.998796 0
    outer loop
      vertex 0.597467 -6.06619 -7.5
      vertex 0 -6.09554 -2.6
      vertex 0.597467 -6.06619 -2.6
    endloop
  endfacet
  facet normal -0.0490649 0.998796 0
    outer loop
      vertex 0 -6.09554 -2.6
      vertex 0.597467 -6.06619 -7.5
      vertex 0 -6.09554 -7.5
    endloop
  endfacet
  facet normal -0.941546 -0.336885 0
    outer loop
      vertex 5.83307 1.76944 -7.5
      vertex 5.63155 2.33266 -2.6
      vertex 5.63155 2.33266 -7.5
    endloop
  endfacet
  facet normal -0.941546 -0.336885 0
    outer loop
      vertex 5.63155 2.33266 -2.6
      vertex 5.83307 1.76944 -7.5
      vertex 5.83307 1.76944 -2.6
    endloop
  endfacet
  facet normal -0.857727 0.514105 0
    outer loop
      vertex 5.06826 -3.3865 -7.5
      vertex 5.37579 -2.87342 -2.6
      vertex 5.37579 -2.87342 -7.5
    endloop
  endfacet
  facet normal -0.857727 0.514105 0
    outer loop
      vertex 5.37579 -2.87342 -2.6
      vertex 5.06826 -3.3865 -7.5
      vertex 5.06826 -3.3865 -2.6
    endloop
  endfacet
  facet normal 0.998796 -0.0490649 0
    outer loop
      vertex -6.09554 0 -2.6
      vertex -6.06619 0.597467 -7.5
      vertex -6.06619 0.597467 -2.6
    endloop
  endfacet
  facet normal 0.998796 -0.0490649 0
    outer loop
      vertex -6.06619 0.597467 -7.5
      vertex -6.09554 0 -2.6
      vertex -6.09554 0 -7.5
    endloop
  endfacet
  facet normal -0.941546 0.336885 0
    outer loop
      vertex 5.63155 -2.33266 -7.5
      vertex 5.83307 -1.76944 -2.6
      vertex 5.83307 -1.76944 -7.5
    endloop
  endfacet
  facet normal -0.941546 0.336885 0
    outer loop
      vertex 5.83307 -1.76944 -2.6
      vertex 5.63155 -2.33266 -7.5
      vertex 5.63155 -2.33266 -2.6
    endloop
  endfacet
  facet normal -0.740951 -0.671559 0
    outer loop
      vertex 4.71192 3.86697 -7.5
      vertex 4.3102 4.3102 -2.6
      vertex 4.3102 4.3102 -7.5
    endloop
  endfacet
  facet normal -0.740951 -0.671559 0
    outer loop
      vertex 4.3102 4.3102 -2.6
      vertex 4.71192 3.86697 -7.5
      vertex 4.71192 3.86697 -2.6
    endloop
  endfacet
  facet normal 0.90399 0.427555 0
    outer loop
      vertex -5.37579 -2.87342 -2.6
      vertex -5.63155 -2.33266 -7.5
      vertex -5.63155 -2.33266 -2.6
    endloop
  endfacet
  facet normal 0.90399 0.427555 0
    outer loop
      vertex -5.63155 -2.33266 -7.5
      vertex -5.37579 -2.87342 -2.6
      vertex -5.37579 -2.87342 -7.5
    endloop
  endfacet
  facet normal -0.90399 -0.427555 0
    outer loop
      vertex 5.63155 2.33266 -7.5
      vertex 5.37579 2.87342 -2.6
      vertex 5.37579 2.87342 -7.5
    endloop
  endfacet
  facet normal -0.90399 -0.427555 0
    outer loop
      vertex 5.37579 2.87342 -2.6
      vertex 5.63155 2.33266 -7.5
      vertex 5.63155 2.33266 -2.6
    endloop
  endfacet
  facet normal -0.595698 0.803208 0
    outer loop
      vertex 3.86697 -4.71192 -7.5
      vertex 3.3865 -5.06826 -2.6
      vertex 3.86697 -4.71192 -2.6
    endloop
  endfacet
  facet normal -0.595698 0.803208 0
    outer loop
      vertex 3.3865 -5.06826 -2.6
      vertex 3.86697 -4.71192 -7.5
      vertex 3.3865 -5.06826 -7.5
    endloop
  endfacet
  facet normal -0.857727 -0.514105 0
    outer loop
      vertex 5.37579 2.87342 -7.5
      vertex 5.06826 3.3865 -2.6
      vertex 5.06826 3.3865 -7.5
    endloop
  endfacet
  facet normal -0.857727 -0.514105 0
    outer loop
      vertex 5.06826 3.3865 -2.6
      vertex 5.37579 2.87342 -7.5
      vertex 5.37579 2.87342 -2.6
    endloop
  endfacet
  facet normal 0.671559 -0.740951 0
    outer loop
      vertex -4.3102 4.3102 -7.5
      vertex -3.86697 4.71192 -2.6
      vertex -4.3102 4.3102 -2.6
    endloop
  endfacet
  facet normal 0.671559 -0.740951 0
    outer loop
      vertex -3.86697 4.71192 -2.6
      vertex -4.3102 4.3102 -7.5
      vertex -3.86697 4.71192 -7.5
    endloop
  endfacet
  facet normal 0.90399 -0.427555 0
    outer loop
      vertex -5.63155 2.33266 -2.6
      vertex -5.37579 2.87342 -7.5
      vertex -5.37579 2.87342 -2.6
    endloop
  endfacet
  facet normal 0.90399 -0.427555 0
    outer loop
      vertex -5.37579 2.87342 -7.5
      vertex -5.63155 2.33266 -2.6
      vertex -5.63155 2.33266 -7.5
    endloop
  endfacet
  facet normal -0.671559 -0.740951 0
    outer loop
      vertex 3.86697 4.71192 -7.5
      vertex 4.3102 4.3102 -2.6
      vertex 3.86697 4.71192 -2.6
    endloop
  endfacet
  facet normal -0.671559 -0.740951 -0
    outer loop
      vertex 4.3102 4.3102 -2.6
      vertex 3.86697 4.71192 -7.5
      vertex 4.3102 4.3102 -7.5
    endloop
  endfacet
  facet normal 0.0490649 -0.998796 0
    outer loop
      vertex -0.597467 6.06619 -7.5
      vertex 0 6.09554 -2.6
      vertex -0.597467 6.06619 -2.6
    endloop
  endfacet
  facet normal 0.0490649 -0.998796 0
    outer loop
      vertex 0 6.09554 -2.6
      vertex -0.597467 6.06619 -7.5
      vertex 0 6.09554 -7.5
    endloop
  endfacet
  facet normal 0.989177 0.146727 0
    outer loop
      vertex -5.97842 -1.18918 -2.6
      vertex -6.06619 -0.597467 -7.5
      vertex -6.06619 -0.597467 -2.6
    endloop
  endfacet
  facet normal 0.989177 0.146727 0
    outer loop
      vertex -6.06619 -0.597467 -7.5
      vertex -5.97842 -1.18918 -2.6
      vertex -5.97842 -1.18918 -7.5
    endloop
  endfacet
  facet normal 0.740951 0.671559 0
    outer loop
      vertex -4.3102 -4.3102 -2.6
      vertex -4.71192 -3.86697 -7.5
      vertex -4.71192 -3.86697 -2.6
    endloop
  endfacet
  facet normal 0.740951 0.671559 0
    outer loop
      vertex -4.71192 -3.86697 -7.5
      vertex -4.3102 -4.3102 -2.6
      vertex -4.3102 -4.3102 -7.5
    endloop
  endfacet
  facet normal 0.803208 0.595698 0
    outer loop
      vertex -4.71192 -3.86697 -2.6
      vertex -5.06826 -3.3865 -7.5
      vertex -5.06826 -3.3865 -2.6
    endloop
  endfacet
  facet normal 0.803208 0.595698 0
    outer loop
      vertex -5.06826 -3.3865 -7.5
      vertex -4.71192 -3.86697 -2.6
      vertex -4.71192 -3.86697 -7.5
    endloop
  endfacet
  facet normal -0.336885 0.941546 0
    outer loop
      vertex 2.33266 -5.63155 -7.5
      vertex 1.76944 -5.83307 -2.6
      vertex 2.33266 -5.63155 -2.6
    endloop
  endfacet
  facet normal -0.336885 0.941546 0
    outer loop
      vertex 1.76944 -5.83307 -2.6
      vertex 2.33266 -5.63155 -7.5
      vertex 1.76944 -5.83307 -7.5
    endloop
  endfacet
  facet normal 0.998796 0.0490649 0
    outer loop
      vertex -6.06619 -0.597467 -2.6
      vertex -6.09554 0 -7.5
      vertex -6.09554 0 -2.6
    endloop
  endfacet
  facet normal 0.998796 0.0490649 0
    outer loop
      vertex -6.09554 0 -7.5
      vertex -6.06619 -0.597467 -2.6
      vertex -6.06619 -0.597467 -7.5
    endloop
  endfacet
  facet normal 0.97003 -0.242984 0
    outer loop
      vertex -5.97842 1.18918 -2.6
      vertex -5.83307 1.76944 -7.5
      vertex -5.83307 1.76944 -2.6
    endloop
  endfacet
  facet normal 0.97003 -0.242984 0
    outer loop
      vertex -5.83307 1.76944 -7.5
      vertex -5.97842 1.18918 -2.6
      vertex -5.97842 1.18918 -7.5
    endloop
  endfacet
  facet normal 0.803208 -0.595698 0
    outer loop
      vertex -5.06826 3.3865 -2.6
      vertex -4.71192 3.86697 -7.5
      vertex -4.71192 3.86697 -2.6
    endloop
  endfacet
  facet normal 0.803208 -0.595698 0
    outer loop
      vertex -4.71192 3.86697 -7.5
      vertex -5.06826 3.3865 -2.6
      vertex -5.06826 3.3865 -7.5
    endloop
  endfacet
  facet normal -0.514105 0.857727 0
    outer loop
      vertex 3.3865 -5.06826 -7.5
      vertex 2.87342 -5.37579 -2.6
      vertex 3.3865 -5.06826 -2.6
    endloop
  endfacet
  facet normal -0.514105 0.857727 0
    outer loop
      vertex 2.87342 -5.37579 -2.6
      vertex 3.3865 -5.06826 -7.5
      vertex 2.87342 -5.37579 -7.5
    endloop
  endfacet
  facet normal 0.427555 0.90399 -0
    outer loop
      vertex -2.33266 -5.63155 -7.5
      vertex -2.87342 -5.37579 -2.6
      vertex -2.33266 -5.63155 -2.6
    endloop
  endfacet
  facet normal 0.427555 0.90399 0
    outer loop
      vertex -2.87342 -5.37579 -2.6
      vertex -2.33266 -5.63155 -7.5
      vertex -2.87342 -5.37579 -7.5
    endloop
  endfacet
  facet normal 0.0490649 0.998796 -0
    outer loop
      vertex 0 -6.09554 -7.5
      vertex -0.597467 -6.06619 -2.6
      vertex 0 -6.09554 -2.6
    endloop
  endfacet
  facet normal 0.0490649 0.998796 0
    outer loop
      vertex -0.597467 -6.06619 -2.6
      vertex 0 -6.09554 -7.5
      vertex -0.597467 -6.06619 -7.5
    endloop
  endfacet
  facet normal 0.146727 0.989177 -0
    outer loop
      vertex -0.597467 -6.06619 -7.5
      vertex -1.18918 -5.97842 -2.6
      vertex -0.597467 -6.06619 -2.6
    endloop
  endfacet
  facet normal 0.146727 0.989177 0
    outer loop
      vertex -1.18918 -5.97842 -2.6
      vertex -0.597467 -6.06619 -7.5
      vertex -1.18918 -5.97842 -7.5
    endloop
  endfacet
  facet normal 0.989177 -0.146727 0
    outer loop
      vertex -6.06619 0.597467 -2.6
      vertex -5.97842 1.18918 -7.5
      vertex -5.97842 1.18918 -2.6
    endloop
  endfacet
  facet normal 0.989177 -0.146727 0
    outer loop
      vertex -5.97842 1.18918 -7.5
      vertex -6.06619 0.597467 -2.6
      vertex -6.06619 0.597467 -7.5
    endloop
  endfacet
  facet normal 0.336885 0.941546 -0
    outer loop
      vertex -1.76944 -5.83307 -7.5
      vertex -2.33266 -5.63155 -2.6
      vertex -1.76944 -5.83307 -2.6
    endloop
  endfacet
  facet normal 0.336885 0.941546 0
    outer loop
      vertex -2.33266 -5.63155 -2.6
      vertex -1.76944 -5.83307 -7.5
      vertex -2.33266 -5.63155 -7.5
    endloop
  endfacet
  facet normal 0.595698 0.803208 -0
    outer loop
      vertex -3.3865 -5.06826 -7.5
      vertex -3.86697 -4.71192 -2.6
      vertex -3.3865 -5.06826 -2.6
    endloop
  endfacet
  facet normal 0.595698 0.803208 0
    outer loop
      vertex -3.86697 -4.71192 -2.6
      vertex -3.3865 -5.06826 -7.5
      vertex -3.86697 -4.71192 -7.5
    endloop
  endfacet
  facet normal -0.740946 -0.671564 0
    outer loop
      vertex 3.47855 2.85477 2.9
      vertex 3.18198 3.18198 7.5
      vertex 3.18198 3.18198 2.9
    endloop
  endfacet
  facet normal -0.740946 -0.671564 0
    outer loop
      vertex 3.18198 3.18198 7.5
      vertex 3.47855 2.85477 2.9
      vertex 3.47855 2.85477 7.5
    endloop
  endfacet
  facet normal -0.989176 -0.146736 0
    outer loop
      vertex 4.47833 0.441076 2.9
      vertex 4.41353 0.877906 7.5
      vertex 4.41353 0.877906 2.9
    endloop
  endfacet
  facet normal -0.989176 -0.146736 0
    outer loop
      vertex 4.41353 0.877906 7.5
      vertex 4.47833 0.441076 2.9
      vertex 4.47833 0.441076 7.5
    endloop
  endfacet
  facet normal -0.998795 -0.0490707 0
    outer loop
      vertex 4.5 0 2.9
      vertex 4.47833 0.441076 7.5
      vertex 4.47833 0.441076 2.9
    endloop
  endfacet
  facet normal -0.998795 -0.0490707 0
    outer loop
      vertex 4.47833 0.441076 7.5
      vertex 4.5 0 2.9
      vertex 4.5 0 7.5
    endloop
  endfacet
  facet normal -0.970032 -0.242976 0
    outer loop
      vertex 4.41353 0.877906 2.9
      vertex 4.30623 1.30628 7.5
      vertex 4.30623 1.30628 2.9
    endloop
  endfacet
  facet normal -0.970032 -0.242976 0
    outer loop
      vertex 4.30623 1.30628 7.5
      vertex 4.41353 0.877906 2.9
      vertex 4.41353 0.877906 7.5
    endloop
  endfacet
  facet normal -0.336886 0.941546 0
    outer loop
      vertex 1.72207 -4.15746 2.9
      vertex 1.30628 -4.30623 7.5
      vertex 1.72207 -4.15746 7.5
    endloop
  endfacet
  facet normal -0.336886 0.941546 0
    outer loop
      vertex 1.30628 -4.30623 7.5
      vertex 1.72207 -4.15746 2.9
      vertex 1.30628 -4.30623 2.9
    endloop
  endfacet
  facet normal -0.671564 -0.740946 0
    outer loop
      vertex 2.85477 3.47855 2.9
      vertex 3.18198 3.18198 7.5
      vertex 2.85477 3.47855 7.5
    endloop
  endfacet
  facet normal -0.671564 -0.740946 -0
    outer loop
      vertex 3.18198 3.18198 7.5
      vertex 2.85477 3.47855 2.9
      vertex 3.18198 3.18198 2.9
    endloop
  endfacet
  facet normal -0.941546 -0.336886 0
    outer loop
      vertex 4.30623 1.30628 2.9
      vertex 4.15746 1.72207 7.5
      vertex 4.15746 1.72207 2.9
    endloop
  endfacet
  facet normal -0.941546 -0.336886 0
    outer loop
      vertex 4.15746 1.72207 7.5
      vertex 4.30623 1.30628 2.9
      vertex 4.30623 1.30628 7.5
    endloop
  endfacet
  facet normal -0.0490707 0.998795 0
    outer loop
      vertex 0.441076 -4.47833 2.9
      vertex 0 -4.5 7.5
      vertex 0.441076 -4.47833 7.5
    endloop
  endfacet
  facet normal -0.0490707 0.998795 0
    outer loop
      vertex 0 -4.5 7.5
      vertex 0.441076 -4.47833 2.9
      vertex 0 -4.5 2.9
    endloop
  endfacet
  facet normal 0.595694 0.803211 -0
    outer loop
      vertex -2.50007 -3.74161 2.9
      vertex -2.85477 -3.47855 7.5
      vertex -2.50007 -3.74161 7.5
    endloop
  endfacet
  facet normal 0.595694 0.803211 0
    outer loop
      vertex -2.85477 -3.47855 7.5
      vertex -2.50007 -3.74161 2.9
      vertex -2.85477 -3.47855 2.9
    endloop
  endfacet
  facet normal 0.242976 0.970032 -0
    outer loop
      vertex -0.877906 -4.41353 2.9
      vertex -1.30628 -4.30623 7.5
      vertex -0.877906 -4.41353 7.5
    endloop
  endfacet
  facet normal 0.242976 0.970032 0
    outer loop
      vertex -1.30628 -4.30623 7.5
      vertex -0.877906 -4.41353 2.9
      vertex -1.30628 -4.30623 2.9
    endloop
  endfacet
  facet normal -0.857727 -0.514106 0
    outer loop
      vertex 3.96865 2.12128 2.9
      vertex 3.74161 2.50007 7.5
      vertex 3.74161 2.50007 2.9
    endloop
  endfacet
  facet normal -0.857727 -0.514106 0
    outer loop
      vertex 3.74161 2.50007 7.5
      vertex 3.96865 2.12128 2.9
      vertex 3.96865 2.12128 7.5
    endloop
  endfacet
  facet normal 0.998795 0.0490707 0
    outer loop
      vertex -4.47833 -0.441076 7.5
      vertex -4.5 0 2.9
      vertex -4.5 0 7.5
    endloop
  endfacet
  facet normal 0.998795 0.0490707 0
    outer loop
      vertex -4.5 0 2.9
      vertex -4.47833 -0.441076 7.5
      vertex -4.47833 -0.441076 2.9
    endloop
  endfacet
  facet normal 0.903991 0.427551 0
    outer loop
      vertex -3.96865 -2.12128 7.5
      vertex -4.15746 -1.72207 2.9
      vertex -4.15746 -1.72207 7.5
    endloop
  endfacet
  facet normal 0.903991 0.427551 0
    outer loop
      vertex -4.15746 -1.72207 2.9
      vertex -3.96865 -2.12128 7.5
      vertex -3.96865 -2.12128 2.9
    endloop
  endfacet
  facet normal -0.903991 -0.427551 0
    outer loop
      vertex 4.15746 1.72207 2.9
      vertex 3.96865 2.12128 7.5
      vertex 3.96865 2.12128 2.9
    endloop
  endfacet
  facet normal -0.903991 -0.427551 0
    outer loop
      vertex 3.96865 2.12128 7.5
      vertex 4.15746 1.72207 2.9
      vertex 4.15746 1.72207 7.5
    endloop
  endfacet
  facet normal -0.970032 0.242976 0
    outer loop
      vertex 4.30623 -1.30628 2.9
      vertex 4.41353 -0.877906 7.5
      vertex 4.41353 -0.877906 2.9
    endloop
  endfacet
  facet normal -0.970032 0.242976 0
    outer loop
      vertex 4.41353 -0.877906 7.5
      vertex 4.30623 -1.30628 2.9
      vertex 4.30623 -1.30628 7.5
    endloop
  endfacet
  facet normal 0.514106 -0.857727 0
    outer loop
      vertex -2.50007 3.74161 2.9
      vertex -2.12128 3.96865 7.5
      vertex -2.50007 3.74161 7.5
    endloop
  endfacet
  facet normal 0.514106 -0.857727 0
    outer loop
      vertex -2.12128 3.96865 7.5
      vertex -2.50007 3.74161 2.9
      vertex -2.12128 3.96865 2.9
    endloop
  endfacet
  facet normal 0.970032 0.242976 0
    outer loop
      vertex -4.30623 -1.30628 7.5
      vertex -4.41353 -0.877906 2.9
      vertex -4.41353 -0.877906 7.5
    endloop
  endfacet
  facet normal 0.970032 0.242976 0
    outer loop
      vertex -4.41353 -0.877906 2.9
      vertex -4.30623 -1.30628 7.5
      vertex -4.30623 -1.30628 2.9
    endloop
  endfacet
  facet normal -0.242976 -0.970032 0
    outer loop
      vertex 0.877906 4.41353 2.9
      vertex 1.30628 4.30623 7.5
      vertex 0.877906 4.41353 7.5
    endloop
  endfacet
  facet normal -0.242976 -0.970032 -0
    outer loop
      vertex 1.30628 4.30623 7.5
      vertex 0.877906 4.41353 2.9
      vertex 1.30628 4.30623 2.9
    endloop
  endfacet
  facet normal -0.941546 0.336886 0
    outer loop
      vertex 4.15746 -1.72207 2.9
      vertex 4.30623 -1.30628 7.5
      vertex 4.30623 -1.30628 2.9
    endloop
  endfacet
  facet normal -0.941546 0.336886 0
    outer loop
      vertex 4.30623 -1.30628 7.5
      vertex 4.15746 -1.72207 2.9
      vertex 4.15746 -1.72207 7.5
    endloop
  endfacet
  facet normal -0.989176 0.146736 0
    outer loop
      vertex 4.41353 -0.877906 2.9
      vertex 4.47833 -0.441076 7.5
      vertex 4.47833 -0.441076 2.9
    endloop
  endfacet
  facet normal -0.989176 0.146736 0
    outer loop
      vertex 4.47833 -0.441076 7.5
      vertex 4.41353 -0.877906 2.9
      vertex 4.41353 -0.877906 7.5
    endloop
  endfacet
  facet normal -0.146736 -0.989176 0
    outer loop
      vertex 0.441076 4.47833 2.9
      vertex 0.877906 4.41353 7.5
      vertex 0.441076 4.47833 7.5
    endloop
  endfacet
  facet normal -0.146736 -0.989176 -0
    outer loop
      vertex 0.877906 4.41353 7.5
      vertex 0.441076 4.47833 2.9
      vertex 0.877906 4.41353 2.9
    endloop
  endfacet
  facet normal 0.427551 -0.903991 0
    outer loop
      vertex -2.12128 3.96865 2.9
      vertex -1.72207 4.15746 7.5
      vertex -2.12128 3.96865 7.5
    endloop
  endfacet
  facet normal 0.427551 -0.903991 0
    outer loop
      vertex -1.72207 4.15746 7.5
      vertex -2.12128 3.96865 2.9
      vertex -1.72207 4.15746 2.9
    endloop
  endfacet
  facet normal 0.146736 -0.989176 0
    outer loop
      vertex -0.877906 4.41353 2.9
      vertex -0.441076 4.47833 7.5
      vertex -0.877906 4.41353 7.5
    endloop
  endfacet
  facet normal 0.146736 -0.989176 0
    outer loop
      vertex -0.441076 4.47833 7.5
      vertex -0.877906 4.41353 2.9
      vertex -0.441076 4.47833 2.9
    endloop
  endfacet
  facet normal -0.427551 0.903991 0
    outer loop
      vertex 2.12128 -3.96865 2.9
      vertex 1.72207 -4.15746 7.5
      vertex 2.12128 -3.96865 7.5
    endloop
  endfacet
  facet normal -0.427551 0.903991 0
    outer loop
      vertex 1.72207 -4.15746 7.5
      vertex 2.12128 -3.96865 2.9
      vertex 1.72207 -4.15746 2.9
    endloop
  endfacet
  facet normal 0.671564 -0.740946 0
    outer loop
      vertex -3.18198 3.18198 2.9
      vertex -2.85477 3.47855 7.5
      vertex -3.18198 3.18198 7.5
    endloop
  endfacet
  facet normal 0.671564 -0.740946 0
    outer loop
      vertex -2.85477 3.47855 7.5
      vertex -3.18198 3.18198 2.9
      vertex -2.85477 3.47855 2.9
    endloop
  endfacet
  facet normal -0.857727 0.514106 0
    outer loop
      vertex 3.74161 -2.50007 2.9
      vertex 3.96865 -2.12128 7.5
      vertex 3.96865 -2.12128 2.9
    endloop
  endfacet
  facet normal -0.857727 0.514106 0
    outer loop
      vertex 3.96865 -2.12128 7.5
      vertex 3.74161 -2.50007 2.9
      vertex 3.74161 -2.50007 7.5
    endloop
  endfacet
  facet normal 0.595694 -0.803211 0
    outer loop
      vertex -2.85477 3.47855 2.9
      vertex -2.50007 3.74161 7.5
      vertex -2.85477 3.47855 7.5
    endloop
  endfacet
  facet normal 0.595694 -0.803211 0
    outer loop
      vertex -2.50007 3.74161 7.5
      vertex -2.85477 3.47855 2.9
      vertex -2.50007 3.74161 2.9
    endloop
  endfacet
  facet normal -0.903991 0.427551 0
    outer loop
      vertex 3.96865 -2.12128 2.9
      vertex 4.15746 -1.72207 7.5
      vertex 4.15746 -1.72207 2.9
    endloop
  endfacet
  facet normal -0.903991 0.427551 0
    outer loop
      vertex 4.15746 -1.72207 7.5
      vertex 3.96865 -2.12128 2.9
      vertex 3.96865 -2.12128 7.5
    endloop
  endfacet
  facet normal -0.998795 0.0490707 0
    outer loop
      vertex 4.47833 -0.441076 2.9
      vertex 4.5 0 7.5
      vertex 4.5 0 2.9
    endloop
  endfacet
  facet normal -0.998795 0.0490707 0
    outer loop
      vertex 4.5 0 7.5
      vertex 4.47833 -0.441076 2.9
      vertex 4.47833 -0.441076 7.5
    endloop
  endfacet
  facet normal 0.740946 -0.671564 0
    outer loop
      vertex -3.47855 2.85477 7.5
      vertex -3.18198 3.18198 2.9
      vertex -3.18198 3.18198 7.5
    endloop
  endfacet
  facet normal 0.740946 -0.671564 0
    outer loop
      vertex -3.18198 3.18198 2.9
      vertex -3.47855 2.85477 7.5
      vertex -3.47855 2.85477 2.9
    endloop
  endfacet
  facet normal 0.941546 0.336886 0
    outer loop
      vertex -4.15746 -1.72207 7.5
      vertex -4.30623 -1.30628 2.9
      vertex -4.30623 -1.30628 7.5
    endloop
  endfacet
  facet normal 0.941546 0.336886 0
    outer loop
      vertex -4.30623 -1.30628 2.9
      vertex -4.15746 -1.72207 7.5
      vertex -4.15746 -1.72207 2.9
    endloop
  endfacet
  facet normal -0.514106 -0.857727 0
    outer loop
      vertex 2.12128 3.96865 2.9
      vertex 2.50007 3.74161 7.5
      vertex 2.12128 3.96865 7.5
    endloop
  endfacet
  facet normal -0.514106 -0.857727 -0
    outer loop
      vertex 2.50007 3.74161 7.5
      vertex 2.12128 3.96865 2.9
      vertex 2.50007 3.74161 2.9
    endloop
  endfacet
  facet normal -0.595694 -0.803211 0
    outer loop
      vertex 2.50007 3.74161 2.9
      vertex 2.85477 3.47855 7.5
      vertex 2.50007 3.74161 7.5
    endloop
  endfacet
  facet normal -0.595694 -0.803211 -0
    outer loop
      vertex 2.85477 3.47855 7.5
      vertex 2.50007 3.74161 2.9
      vertex 2.85477 3.47855 2.9
    endloop
  endfacet
  facet normal -0.146736 0.989176 0
    outer loop
      vertex 0.877906 -4.41353 2.9
      vertex 0.441076 -4.47833 7.5
      vertex 0.877906 -4.41353 7.5
    endloop
  endfacet
  facet normal -0.146736 0.989176 0
    outer loop
      vertex 0.441076 -4.47833 7.5
      vertex 0.877906 -4.41353 2.9
      vertex 0.441076 -4.47833 2.9
    endloop
  endfacet
  facet normal -0.740946 0.671564 0
    outer loop
      vertex 3.18198 -3.18198 2.9
      vertex 3.47855 -2.85477 7.5
      vertex 3.47855 -2.85477 2.9
    endloop
  endfacet
  facet normal -0.740946 0.671564 0
    outer loop
      vertex 3.47855 -2.85477 7.5
      vertex 3.18198 -3.18198 2.9
      vertex 3.18198 -3.18198 7.5
    endloop
  endfacet
  facet normal -0.803211 0.595694 0
    outer loop
      vertex 3.47855 -2.85477 2.9
      vertex 3.74161 -2.50007 7.5
      vertex 3.74161 -2.50007 2.9
    endloop
  endfacet
  facet normal -0.803211 0.595694 0
    outer loop
      vertex 3.74161 -2.50007 7.5
      vertex 3.47855 -2.85477 2.9
      vertex 3.47855 -2.85477 7.5
    endloop
  endfacet
  facet normal -0.242976 0.970032 0
    outer loop
      vertex 1.30628 -4.30623 2.9
      vertex 0.877906 -4.41353 7.5
      vertex 1.30628 -4.30623 7.5
    endloop
  endfacet
  facet normal -0.242976 0.970032 0
    outer loop
      vertex 0.877906 -4.41353 7.5
      vertex 1.30628 -4.30623 2.9
      vertex 0.877906 -4.41353 2.9
    endloop
  endfacet
  facet normal 0.242976 -0.970032 0
    outer loop
      vertex -1.30628 4.30623 2.9
      vertex -0.877906 4.41353 7.5
      vertex -1.30628 4.30623 7.5
    endloop
  endfacet
  facet normal 0.242976 -0.970032 0
    outer loop
      vertex -0.877906 4.41353 7.5
      vertex -1.30628 4.30623 2.9
      vertex -0.877906 4.41353 2.9
    endloop
  endfacet
  facet normal -0.803211 -0.595694 0
    outer loop
      vertex 3.74161 2.50007 2.9
      vertex 3.47855 2.85477 7.5
      vertex 3.47855 2.85477 2.9
    endloop
  endfacet
  facet normal -0.803211 -0.595694 0
    outer loop
      vertex 3.47855 2.85477 7.5
      vertex 3.74161 2.50007 2.9
      vertex 3.74161 2.50007 7.5
    endloop
  endfacet
  facet normal -0.0490707 -0.998795 0
    outer loop
      vertex 0 4.5 2.9
      vertex 0.441076 4.47833 7.5
      vertex 0 4.5 7.5
    endloop
  endfacet
  facet normal -0.0490707 -0.998795 -0
    outer loop
      vertex 0.441076 4.47833 7.5
      vertex 0 4.5 2.9
      vertex 0.441076 4.47833 2.9
    endloop
  endfacet
  facet normal 0.857727 -0.514106 0
    outer loop
      vertex -3.96865 2.12128 7.5
      vertex -3.74161 2.50007 2.9
      vertex -3.74161 2.50007 7.5
    endloop
  endfacet
  facet normal 0.857727 -0.514106 0
    outer loop
      vertex -3.74161 2.50007 2.9
      vertex -3.96865 2.12128 7.5
      vertex -3.96865 2.12128 2.9
    endloop
  endfacet
  facet normal -0.427551 -0.903991 0
    outer loop
      vertex 1.72207 4.15746 2.9
      vertex 2.12128 3.96865 7.5
      vertex 1.72207 4.15746 7.5
    endloop
  endfacet
  facet normal -0.427551 -0.903991 -0
    outer loop
      vertex 2.12128 3.96865 7.5
      vertex 1.72207 4.15746 2.9
      vertex 2.12128 3.96865 2.9
    endloop
  endfacet
  facet normal 0.857727 0.514106 0
    outer loop
      vertex -3.74161 -2.50007 7.5
      vertex -3.96865 -2.12128 2.9
      vertex -3.96865 -2.12128 7.5
    endloop
  endfacet
  facet normal 0.857727 0.514106 0
    outer loop
      vertex -3.96865 -2.12128 2.9
      vertex -3.74161 -2.50007 7.5
      vertex -3.74161 -2.50007 2.9
    endloop
  endfacet
  facet normal 0.427551 0.903991 -0
    outer loop
      vertex -1.72207 -4.15746 2.9
      vertex -2.12128 -3.96865 7.5
      vertex -1.72207 -4.15746 7.5
    endloop
  endfacet
  facet normal 0.427551 0.903991 0
    outer loop
      vertex -2.12128 -3.96865 7.5
      vertex -1.72207 -4.15746 2.9
      vertex -2.12128 -3.96865 2.9
    endloop
  endfacet
  facet normal 0.740946 0.671564 0
    outer loop
      vertex -3.18198 -3.18198 7.5
      vertex -3.47855 -2.85477 2.9
      vertex -3.47855 -2.85477 7.5
    endloop
  endfacet
  facet normal 0.740946 0.671564 0
    outer loop
      vertex -3.47855 -2.85477 2.9
      vertex -3.18198 -3.18198 7.5
      vertex -3.18198 -3.18198 2.9
    endloop
  endfacet
  facet normal 0.336886 -0.941546 0
    outer loop
      vertex -1.72207 4.15746 2.9
      vertex -1.30628 4.30623 7.5
      vertex -1.72207 4.15746 7.5
    endloop
  endfacet
  facet normal 0.336886 -0.941546 0
    outer loop
      vertex -1.30628 4.30623 7.5
      vertex -1.72207 4.15746 2.9
      vertex -1.30628 4.30623 2.9
    endloop
  endfacet
  facet normal 0.514106 0.857727 -0
    outer loop
      vertex -2.12128 -3.96865 2.9
      vertex -2.50007 -3.74161 7.5
      vertex -2.12128 -3.96865 7.5
    endloop
  endfacet
  facet normal 0.514106 0.857727 0
    outer loop
      vertex -2.50007 -3.74161 7.5
      vertex -2.12128 -3.96865 2.9
      vertex -2.50007 -3.74161 2.9
    endloop
  endfacet
  facet normal -0.595694 0.803211 0
    outer loop
      vertex 2.85477 -3.47855 2.9
      vertex 2.50007 -3.74161 7.5
      vertex 2.85477 -3.47855 7.5
    endloop
  endfacet
  facet normal -0.595694 0.803211 0
    outer loop
      vertex 2.50007 -3.74161 7.5
      vertex 2.85477 -3.47855 2.9
      vertex 2.50007 -3.74161 2.9
    endloop
  endfacet
  facet normal 0.0490707 -0.998795 0
    outer loop
      vertex -0.441076 4.47833 2.9
      vertex 0 4.5 7.5
      vertex -0.441076 4.47833 7.5
    endloop
  endfacet
  facet normal 0.0490707 -0.998795 0
    outer loop
      vertex 0 4.5 7.5
      vertex -0.441076 4.47833 2.9
      vertex 0 4.5 2.9
    endloop
  endfacet
  facet normal 0.970032 -0.242976 0
    outer loop
      vertex -4.41353 0.877906 7.5
      vertex -4.30623 1.30628 2.9
      vertex -4.30623 1.30628 7.5
    endloop
  endfacet
  facet normal 0.970032 -0.242976 0
    outer loop
      vertex -4.30623 1.30628 2.9
      vertex -4.41353 0.877906 7.5
      vertex -4.41353 0.877906 2.9
    endloop
  endfacet
  facet normal 0.941546 -0.336886 0
    outer loop
      vertex -4.30623 1.30628 7.5
      vertex -4.15746 1.72207 2.9
      vertex -4.15746 1.72207 7.5
    endloop
  endfacet
  facet normal 0.941546 -0.336886 0
    outer loop
      vertex -4.15746 1.72207 2.9
      vertex -4.30623 1.30628 7.5
      vertex -4.30623 1.30628 2.9
    endloop
  endfacet
  facet normal 0.989176 0.146736 0
    outer loop
      vertex -4.41353 -0.877906 7.5
      vertex -4.47833 -0.441076 2.9
      vertex -4.47833 -0.441076 7.5
    endloop
  endfacet
  facet normal 0.989176 0.146736 0
    outer loop
      vertex -4.47833 -0.441076 2.9
      vertex -4.41353 -0.877906 7.5
      vertex -4.41353 -0.877906 2.9
    endloop
  endfacet
  facet normal -0.336886 -0.941546 0
    outer loop
      vertex 1.30628 4.30623 2.9
      vertex 1.72207 4.15746 7.5
      vertex 1.30628 4.30623 7.5
    endloop
  endfacet
  facet normal -0.336886 -0.941546 -0
    outer loop
      vertex 1.72207 4.15746 7.5
      vertex 1.30628 4.30623 2.9
      vertex 1.72207 4.15746 2.9
    endloop
  endfacet
  facet normal 0.803211 0.595694 0
    outer loop
      vertex -3.47855 -2.85477 7.5
      vertex -3.74161 -2.50007 2.9
      vertex -3.74161 -2.50007 7.5
    endloop
  endfacet
  facet normal 0.803211 0.595694 0
    outer loop
      vertex -3.74161 -2.50007 2.9
      vertex -3.47855 -2.85477 7.5
      vertex -3.47855 -2.85477 2.9
    endloop
  endfacet
  facet normal 0.903991 -0.427551 0
    outer loop
      vertex -4.15746 1.72207 7.5
      vertex -3.96865 2.12128 2.9
      vertex -3.96865 2.12128 7.5
    endloop
  endfacet
  facet normal 0.903991 -0.427551 0
    outer loop
      vertex -3.96865 2.12128 2.9
      vertex -4.15746 1.72207 7.5
      vertex -4.15746 1.72207 2.9
    endloop
  endfacet
  facet normal -0.514106 0.857727 0
    outer loop
      vertex 2.50007 -3.74161 2.9
      vertex 2.12128 -3.96865 7.5
      vertex 2.50007 -3.74161 7.5
    endloop
  endfacet
  facet normal -0.514106 0.857727 0
    outer loop
      vertex 2.12128 -3.96865 7.5
      vertex 2.50007 -3.74161 2.9
      vertex 2.12128 -3.96865 2.9
    endloop
  endfacet
  facet normal 0 0 1
    outer loop
      vertex 4.425 0 2.9
      vertex 4.5 0 2.9
      vertex 4.47833 0.441076 2.9
    endloop
  endfacet
  facet normal 0 0 1
    outer loop
      vertex 4.5 0 2.9
      vertex 4.425 0 2.9
      vertex 4.47833 -0.441076 2.9
    endloop
  endfacet
  facet normal -0 0 1
    outer loop
      vertex 4.34105 0.855994 2.9
      vertex 4.47833 0.441076 2.9
      vertex 4.41353 0.877906 2.9
    endloop
  endfacet
  facet normal 0 0 1
    outer loop
      vertex 4.47833 0.441076 2.9
      vertex 4.40369 0.433725 2.9
      vertex 4.425 0 2.9
    endloop
  endfacet
  facet normal 0 0 1
    outer loop
      vertex 4.47833 0.441076 2.9
      vertex 4.34105 0.855994 2.9
      vertex 4.40369 0.433725 2.9
    endloop
  endfacet
  facet normal 0 0 1
    outer loop
      vertex 4.41353 0.877906 2.9
      vertex 4.33997 0.863274 2.9
      vertex 4.34105 0.855994 2.9
    endloop
  endfacet
  facet normal 0 0 1
    outer loop
      vertex 4.41353 0.877906 2.9
      vertex 4.33819 0.870414 2.9
      vertex 4.33997 0.863274 2.9
    endloop
  endfacet
  facet normal 0 0 1
    outer loop
      vertex 4.30623 1.30628 2.9
      vertex 4.33819 0.870414 2.9
      vertex 4.41353 0.877906 2.9
    endloop
  endfacet
  facet normal 0 0 1
    outer loop
      vertex 4.30623 1.30628 2.9
      vertex 4.23446 1.28451 2.9
      vertex 4.33819 0.870414 2.9
    endloop
  endfacet
  facet normal 0 0 1
    outer loop
      vertex 4.30623 1.30628 2.9
      vertex 4.23198 1.29144 2.9
      vertex 4.23446 1.28451 2.9
    endloop
  endfacet
  facet normal 0 0 1
    outer loop
      vertex 4.15746 1.72207 2.9
      vertex 4.23198 1.29144 2.9
      vertex 4.30623 1.30628 2.9
    endloop
  endfacet
  facet normal 0 0 1
    outer loop
      vertex 4.15746 1.72207 2.9
      vertex 4.08817 1.69337 2.9
      vertex 4.23198 1.29144 2.9
    endloop
  endfacet
  facet normal 0 0 1
    outer loop
      vertex 3.96865 2.12128 2.9
      vertex 4.08817 1.69337 2.9
      vertex 4.15746 1.72207 2.9
    endloop
  endfacet
  facet normal 0 0 1
    outer loop
      vertex 3.96865 2.12128 2.9
      vertex 3.9025 2.08593 2.9
      vertex 4.08817 1.69337 2.9
    endloop
  endfacet
  facet normal -0 0 1
    outer loop
      vertex 3.68304 2.45208 2.9
      vertex 3.96865 2.12128 2.9
      vertex 3.74161 2.50007 2.9
    endloop
  endfacet
  facet normal 0 0 1
    outer loop
      vertex 3.96865 2.12128 2.9
      vertex 3.68304 2.45208 2.9
      vertex 3.9025 2.08593 2.9
    endloop
  endfacet
  facet normal 0 0 1
    outer loop
      vertex 3.74161 2.50007 2.9
      vertex 3.67925 2.4584 2.9
      vertex 3.68304 2.45208 2.9
    endloop
  endfacet
  facet normal 0 0 1
    outer loop
      vertex 3.74161 2.50007 2.9
      vertex 3.67487 2.46431 2.9
      vertex 3.67925 2.4584 2.9
    endloop
  endfacet
  facet normal 0 0 1
    outer loop
      vertex 3.47855 2.85477 2.9
      vertex 3.67487 2.46431 2.9
      vertex 3.74161 2.50007 2.9
    endloop
  endfacet
  facet normal 0 0 1
    outer loop
      vertex 3.47855 2.85477 2.9
      vertex 3.42057 2.80719 2.9
      vertex 3.67487 2.46431 2.9
    endloop
  endfacet
  facet normal 0 0 1
    outer loop
      vertex 3.47855 2.85477 2.9
      vertex 3.41563 2.81264 2.9
      vertex 3.42057 2.80719 2.9
    endloop
  endfacet
  facet normal 0 0 1
    outer loop
      vertex 3.18198 3.18198 2.9
      vertex 3.41563 2.81264 2.9
      vertex 3.47855 2.85477 2.9
    endloop
  endfacet
  facet normal 0 0 1
    outer loop
      vertex 3.18198 3.18198 2.9
      vertex 3.12895 3.12895 2.9
      vertex 3.41563 2.81264 2.9
    endloop
  endfacet
  facet normal -0 0 1
    outer loop
      vertex 2.81264 3.41563 2.9
      vertex 3.18198 3.18198 2.9
      vertex 2.85477 3.47855 2.9
    endloop
  endfacet
  facet normal 0 0 1
    outer loop
      vertex 3.18198 3.18198 2.9
      vertex 2.81264 3.41563 2.9
      vertex 3.12895 3.12895 2.9
    endloop
  endfacet
  facet normal 0 0 1
    outer loop
      vertex 2.85477 3.47855 2.9
      vertex 2.80719 3.42057 2.9
      vertex 2.81264 3.41563 2.9
    endloop
  endfacet
  facet normal -0 0 1
    outer loop
      vertex 2.46431 3.67487 2.9
      vertex 2.85477 3.47855 2.9
      vertex 2.50007 3.74161 2.9
    endloop
  endfacet
  facet normal 0 0 1
    outer loop
      vertex 2.85477 3.47855 2.9
      vertex 2.46431 3.67487 2.9
      vertex 2.80719 3.42057 2.9
    endloop
  endfacet
  facet normal 0 0 1
    outer loop
      vertex 2.50007 3.74161 2.9
      vertex 2.4584 3.67925 2.9
      vertex 2.46431 3.67487 2.9
    endloop
  endfacet
  facet normal 0 0 1
    outer loop
      vertex 2.50007 3.74161 2.9
      vertex 2.45208 3.68304 2.9
      vertex 2.4584 3.67925 2.9
    endloop
  endfacet
  facet normal 0 0 1
    outer loop
      vertex 2.12128 3.96865 2.9
      vertex 2.45208 3.68304 2.9
      vertex 2.50007 3.74161 2.9
    endloop
  endfacet
  facet normal 0 0 1
    outer loop
      vertex 2.12128 3.96865 2.9
      vertex 2.08593 3.9025 2.9
      vertex 2.45208 3.68304 2.9
    endloop
  endfacet
  facet normal 0 0 1
    outer loop
      vertex 1.72207 4.15746 2.9
      vertex 2.08593 3.9025 2.9
      vertex 2.12128 3.96865 2.9
    endloop
  endfacet
  facet normal 0 0 1
    outer loop
      vertex 1.72207 4.15746 2.9
      vertex 1.69337 4.08817 2.9
      vertex 2.08593 3.9025 2.9
    endloop
  endfacet
  facet normal -0 0 1
    outer loop
      vertex 1.29144 4.23198 2.9
      vertex 1.72207 4.15746 2.9
      vertex 1.30628 4.30623 2.9
    endloop
  endfacet
  facet normal 0 0 1
    outer loop
      vertex 1.72207 4.15746 2.9
      vertex 1.29144 4.23198 2.9
      vertex 1.69337 4.08817 2.9
    endloop
  endfacet
  facet normal 0 0 1
    outer loop
      vertex 1.30628 4.30623 2.9
      vertex 1.28451 4.23446 2.9
      vertex 1.29144 4.23198 2.9
    endloop
  endfacet
  facet normal -0 0 1
    outer loop
      vertex 0.870414 4.33819 2.9
      vertex 1.30628 4.30623 2.9
      vertex 0.877906 4.41353 2.9
    endloop
  endfacet
  facet normal 0 0 1
    outer loop
      vertex 1.30628 4.30623 2.9
      vertex 0.870414 4.33819 2.9
      vertex 1.28451 4.23446 2.9
    endloop
  endfacet
  facet normal 0 0 1
    outer loop
      vertex 0.877906 4.41353 2.9
      vertex 0.863274 4.33997 2.9
      vertex 0.870414 4.33819 2.9
    endloop
  endfacet
  facet normal 0 0 1
    outer loop
      vertex 0.877906 4.41353 2.9
      vertex 0.855994 4.34105 2.9
      vertex 0.863274 4.33997 2.9
    endloop
  endfacet
  facet normal 0 0 1
    outer loop
      vertex 0.441076 4.47833 2.9
      vertex 0.855994 4.34105 2.9
      vertex 0.877906 4.41353 2.9
    endloop
  endfacet
  facet normal 0 0 1
    outer loop
      vertex 0.441076 4.47833 2.9
      vertex 0.433725 4.40369 2.9
      vertex 0.855994 4.34105 2.9
    endloop
  endfacet
  facet normal 0 0 1
    outer loop
      vertex 0 4.5 2.9
      vertex 0.433725 4.40369 2.9
      vertex 0.441076 4.47833 2.9
    endloop
  endfacet
  facet normal 0 0 1
    outer loop
      vertex 0 4.5 2.9
      vertex 0 4.425 2.9
      vertex 0.433725 4.40369 2.9
    endloop
  endfacet
  facet normal 0 0 1
    outer loop
      vertex 0 4.5 2.9
      vertex -0.433725 4.40369 2.9
      vertex 0 4.425 2.9
    endloop
  endfacet
  facet normal -0 0 1
    outer loop
      vertex -0.441076 4.47833 2.9
      vertex -0.433725 4.40369 2.9
      vertex 0 4.5 2.9
    endloop
  endfacet
  facet normal 0 0 1
    outer loop
      vertex -0.441076 4.47833 2.9
      vertex -0.855994 4.34105 2.9
      vertex -0.433725 4.40369 2.9
    endloop
  endfacet
  facet normal -0 0 1
    outer loop
      vertex -0.877906 4.41353 2.9
      vertex -0.855994 4.34105 2.9
      vertex -0.441076 4.47833 2.9
    endloop
  endfacet
  facet normal 0 0 1
    outer loop
      vertex -0.855994 4.34105 2.9
      vertex -0.877906 4.41353 2.9
      vertex -0.863274 4.33997 2.9
    endloop
  endfacet
  facet normal 0 0 1
    outer loop
      vertex -0.863274 4.33997 2.9
      vertex -0.877906 4.41353 2.9
      vertex -0.870414 4.33819 2.9
    endloop
  endfacet
  facet normal 0 0 1
    outer loop
      vertex -1.30628 4.30623 2.9
      vertex -0.870414 4.33819 2.9
      vertex -0.877906 4.41353 2.9
    endloop
  endfacet
  facet normal 0 0 1
    outer loop
      vertex -0.870414 4.33819 2.9
      vertex -1.30628 4.30623 2.9
      vertex -1.28451 4.23446 2.9
    endloop
  endfacet
  facet normal 0 0 1
    outer loop
      vertex -1.28451 4.23446 2.9
      vertex -1.30628 4.30623 2.9
      vertex -1.29144 4.23198 2.9
    endloop
  endfacet
  facet normal 0 0 1
    outer loop
      vertex -1.72207 4.15746 2.9
      vertex -1.29144 4.23198 2.9
      vertex -1.30628 4.30623 2.9
    endloop
  endfacet
  facet normal 0 0 1
    outer loop
      vertex -1.29144 4.23198 2.9
      vertex -1.72207 4.15746 2.9
      vertex -1.69337 4.08817 2.9
    endloop
  endfacet
  facet normal 0 0 1
    outer loop
      vertex -1.72207 4.15746 2.9
      vertex -2.08593 3.9025 2.9
      vertex -1.69337 4.08817 2.9
    endloop
  endfacet
  facet normal -0 0 1
    outer loop
      vertex -2.12128 3.96865 2.9
      vertex -2.08593 3.9025 2.9
      vertex -1.72207 4.15746 2.9
    endloop
  endfacet
  facet normal 0 0 1
    outer loop
      vertex -2.12128 3.96865 2.9
      vertex -2.45208 3.68304 2.9
      vertex -2.08593 3.9025 2.9
    endloop
  endfacet
  facet normal -0 0 1
    outer loop
      vertex -2.50007 3.74161 2.9
      vertex -2.45208 3.68304 2.9
      vertex -2.12128 3.96865 2.9
    endloop
  endfacet
  facet normal 0 0 1
    outer loop
      vertex -2.45208 3.68304 2.9
      vertex -2.50007 3.74161 2.9
      vertex -2.4584 3.67925 2.9
    endloop
  endfacet
  facet normal 0 0 1
    outer loop
      vertex -2.4584 3.67925 2.9
      vertex -2.50007 3.74161 2.9
      vertex -2.46431 3.67487 2.9
    endloop
  endfacet
  facet normal 0 0 1
    outer loop
      vertex -2.85477 3.47855 2.9
      vertex -2.46431 3.67487 2.9
      vertex -2.50007 3.74161 2.9
    endloop
  endfacet
  facet normal 0 0 1
    outer loop
      vertex -2.46431 3.67487 2.9
      vertex -2.85477 3.47855 2.9
      vertex -2.80719 3.42057 2.9
    endloop
  endfacet
  facet normal 0 0 1
    outer loop
      vertex -2.80719 3.42057 2.9
      vertex -2.85477 3.47855 2.9
      vertex -2.81264 3.41563 2.9
    endloop
  endfacet
  facet normal 0 0 1
    outer loop
      vertex -3.18198 3.18198 2.9
      vertex -2.81264 3.41563 2.9
      vertex -2.85477 3.47855 2.9
    endloop
  endfacet
  facet normal 0 0 1
    outer loop
      vertex -2.81264 3.41563 2.9
      vertex -3.18198 3.18198 2.9
      vertex -3.12895 3.12895 2.9
    endloop
  endfacet
  facet normal 0 0 1
    outer loop
      vertex -3.18198 3.18198 2.9
      vertex -3.41563 2.81264 2.9
      vertex -3.12895 3.12895 2.9
    endloop
  endfacet
  facet normal -0 0 1
    outer loop
      vertex -3.47855 2.85477 2.9
      vertex -3.41563 2.81264 2.9
      vertex -3.18198 3.18198 2.9
    endloop
  endfacet
  facet normal 0 0 1
    outer loop
      vertex -3.41563 2.81264 2.9
      vertex -3.47855 2.85477 2.9
      vertex -3.42057 2.80719 2.9
    endloop
  endfacet
  facet normal 0 0 1
    outer loop
      vertex -3.47855 2.85477 2.9
      vertex -3.67487 2.46431 2.9
      vertex -3.42057 2.80719 2.9
    endloop
  endfacet
  facet normal -0 0 1
    outer loop
      vertex -3.74161 2.50007 2.9
      vertex -3.67487 2.46431 2.9
      vertex -3.47855 2.85477 2.9
    endloop
  endfacet
  facet normal 0 0 1
    outer loop
      vertex -3.67487 2.46431 2.9
      vertex -3.74161 2.50007 2.9
      vertex -3.67925 2.4584 2.9
    endloop
  endfacet
  facet normal 0 0 1
    outer loop
      vertex -3.67925 2.4584 2.9
      vertex -3.74161 2.50007 2.9
      vertex -3.68304 2.45208 2.9
    endloop
  endfacet
  facet normal 0 0 1
    outer loop
      vertex -3.96865 2.12128 2.9
      vertex -3.68304 2.45208 2.9
      vertex -3.74161 2.50007 2.9
    endloop
  endfacet
  facet normal 0 0 1
    outer loop
      vertex -3.68304 2.45208 2.9
      vertex -3.96865 2.12128 2.9
      vertex -3.9025 2.08593 2.9
    endloop
  endfacet
  facet normal 0 0 1
    outer loop
      vertex -3.96865 2.12128 2.9
      vertex -4.08817 1.69337 2.9
      vertex -3.9025 2.08593 2.9
    endloop
  endfacet
  facet normal -0 0 1
    outer loop
      vertex -4.15746 1.72207 2.9
      vertex -4.08817 1.69337 2.9
      vertex -3.96865 2.12128 2.9
    endloop
  endfacet
  facet normal 0 0 1
    outer loop
      vertex -4.15746 1.72207 2.9
      vertex -4.23198 1.29144 2.9
      vertex -4.08817 1.69337 2.9
    endloop
  endfacet
  facet normal -0 0 1
    outer loop
      vertex -4.30623 1.30628 2.9
      vertex -4.23198 1.29144 2.9
      vertex -4.15746 1.72207 2.9
    endloop
  endfacet
  facet normal 0 0 1
    outer loop
      vertex -4.23198 1.29144 2.9
      vertex -4.30623 1.30628 2.9
      vertex -4.23446 1.28451 2.9
    endloop
  endfacet
  facet normal 0 0 1
    outer loop
      vertex -4.30623 1.30628 2.9
      vertex -4.33819 0.870414 2.9
      vertex -4.23446 1.28451 2.9
    endloop
  endfacet
  facet normal -0 0 1
    outer loop
      vertex -4.41353 0.877906 2.9
      vertex -4.33819 0.870414 2.9
      vertex -4.30623 1.30628 2.9
    endloop
  endfacet
  facet normal 0 0 1
    outer loop
      vertex -4.33819 0.870414 2.9
      vertex -4.41353 0.877906 2.9
      vertex -4.33997 0.863274 2.9
    endloop
  endfacet
  facet normal 0 0 1
    outer loop
      vertex -4.33997 0.863274 2.9
      vertex -4.41353 0.877906 2.9
      vertex -4.34105 0.855994 2.9
    endloop
  endfacet
  facet normal 0 0 1
    outer loop
      vertex -4.47833 0.441076 2.9
      vertex -4.34105 0.855994 2.9
      vertex -4.41353 0.877906 2.9
    endloop
  endfacet
  facet normal 0 0 1
    outer loop
      vertex -4.34105 0.855994 2.9
      vertex -4.47833 0.441076 2.9
      vertex -4.40369 0.433725 2.9
    endloop
  endfacet
  facet normal 0 0 1
    outer loop
      vertex -4.40369 0.433725 2.9
      vertex -4.47833 0.441076 2.9
      vertex -4.425 0 2.9
    endloop
  endfacet
  facet normal -0 0 1
    outer loop
      vertex 4.40369 -0.433725 2.9
      vertex 4.47833 -0.441076 2.9
      vertex 4.425 0 2.9
    endloop
  endfacet
  facet normal 0 0 1
    outer loop
      vertex 4.34105 -0.855994 2.9
      vertex 4.47833 -0.441076 2.9
      vertex 4.40369 -0.433725 2.9
    endloop
  endfacet
  facet normal 0 0 1
    outer loop
      vertex 4.47833 -0.441076 2.9
      vertex 4.34105 -0.855994 2.9
      vertex 4.41353 -0.877906 2.9
    endloop
  endfacet
  facet normal -0 0 1
    outer loop
      vertex 4.33997 -0.863274 2.9
      vertex 4.41353 -0.877906 2.9
      vertex 4.34105 -0.855994 2.9
    endloop
  endfacet
  facet normal -0 0 1
    outer loop
      vertex 4.33819 -0.870414 2.9
      vertex 4.41353 -0.877906 2.9
      vertex 4.33997 -0.863274 2.9
    endloop
  endfacet
  facet normal 0 0 1
    outer loop
      vertex 4.33819 -0.870414 2.9
      vertex 4.30623 -1.30628 2.9
      vertex 4.41353 -0.877906 2.9
    endloop
  endfacet
  facet normal -0 0 1
    outer loop
      vertex 4.23446 -1.28451 2.9
      vertex 4.30623 -1.30628 2.9
      vertex 4.33819 -0.870414 2.9
    endloop
  endfacet
  facet normal -0 0 1
    outer loop
      vertex 4.23198 -1.29144 2.9
      vertex 4.30623 -1.30628 2.9
      vertex 4.23446 -1.28451 2.9
    endloop
  endfacet
  facet normal 0 0 1
    outer loop
      vertex 4.23198 -1.29144 2.9
      vertex 4.15746 -1.72207 2.9
      vertex 4.30623 -1.30628 2.9
    endloop
  endfacet
  facet normal -0 0 1
    outer loop
      vertex 4.08817 -1.69337 2.9
      vertex 4.15746 -1.72207 2.9
      vertex 4.23198 -1.29144 2.9
    endloop
  endfacet
  facet normal 0 0 1
    outer loop
      vertex 4.08817 -1.69337 2.9
      vertex 3.96865 -2.12128 2.9
      vertex 4.15746 -1.72207 2.9
    endloop
  endfacet
  facet normal -0 0 1
    outer loop
      vertex 3.9025 -2.08593 2.9
      vertex 3.96865 -2.12128 2.9
      vertex 4.08817 -1.69337 2.9
    endloop
  endfacet
  facet normal 0 0 1
    outer loop
      vertex 3.68304 -2.45208 2.9
      vertex 3.96865 -2.12128 2.9
      vertex 3.9025 -2.08593 2.9
    endloop
  endfacet
  facet normal 0 0 1
    outer loop
      vertex 3.96865 -2.12128 2.9
      vertex 3.68304 -2.45208 2.9
      vertex 3.74161 -2.50007 2.9
    endloop
  endfacet
  facet normal -0 0 1
    outer loop
      vertex 3.67925 -2.4584 2.9
      vertex 3.74161 -2.50007 2.9
      vertex 3.68304 -2.45208 2.9
    endloop
  endfacet
  facet normal -0 0 1
    outer loop
      vertex 3.67487 -2.46431 2.9
      vertex 3.74161 -2.50007 2.9
      vertex 3.67925 -2.4584 2.9
    endloop
  endfacet
  facet normal 0 0 1
    outer loop
      vertex 3.67487 -2.46431 2.9
      vertex 3.47855 -2.85477 2.9
      vertex 3.74161 -2.50007 2.9
    endloop
  endfacet
  facet normal -0 0 1
    outer loop
      vertex 3.42057 -2.80719 2.9
      vertex 3.47855 -2.85477 2.9
      vertex 3.67487 -2.46431 2.9
    endloop
  endfacet
  facet normal -0 0 1
    outer loop
      vertex 3.41563 -2.81264 2.9
      vertex 3.47855 -2.85477 2.9
      vertex 3.42057 -2.80719 2.9
    endloop
  endfacet
  facet normal 0 0 1
    outer loop
      vertex 3.41563 -2.81264 2.9
      vertex 3.18198 -3.18198 2.9
      vertex 3.47855 -2.85477 2.9
    endloop
  endfacet
  facet normal -0 0 1
    outer loop
      vertex 3.12895 -3.12895 2.9
      vertex 3.18198 -3.18198 2.9
      vertex 3.41563 -2.81264 2.9
    endloop
  endfacet
  facet normal 0 0 1
    outer loop
      vertex 2.81264 -3.41563 2.9
      vertex 3.18198 -3.18198 2.9
      vertex 3.12895 -3.12895 2.9
    endloop
  endfacet
  facet normal 0 0 1
    outer loop
      vertex 3.18198 -3.18198 2.9
      vertex 2.81264 -3.41563 2.9
      vertex 2.85477 -3.47855 2.9
    endloop
  endfacet
  facet normal -0 0 1
    outer loop
      vertex 2.80719 -3.42057 2.9
      vertex 2.85477 -3.47855 2.9
      vertex 2.81264 -3.41563 2.9
    endloop
  endfacet
  facet normal 0 0 1
    outer loop
      vertex 2.46431 -3.67487 2.9
      vertex 2.85477 -3.47855 2.9
      vertex 2.80719 -3.42057 2.9
    endloop
  endfacet
  facet normal 0 0 1
    outer loop
      vertex 2.85477 -3.47855 2.9
      vertex 2.46431 -3.67487 2.9
      vertex 2.50007 -3.74161 2.9
    endloop
  endfacet
  facet normal -0 0 1
    outer loop
      vertex 2.4584 -3.67925 2.9
      vertex 2.50007 -3.74161 2.9
      vertex 2.46431 -3.67487 2.9
    endloop
  endfacet
  facet normal -0 0 1
    outer loop
      vertex 2.45208 -3.68304 2.9
      vertex 2.50007 -3.74161 2.9
      vertex 2.4584 -3.67925 2.9
    endloop
  endfacet
  facet normal 0 0 1
    outer loop
      vertex 2.45208 -3.68304 2.9
      vertex 2.12128 -3.96865 2.9
      vertex 2.50007 -3.74161 2.9
    endloop
  endfacet
  facet normal -0 0 1
    outer loop
      vertex 2.08593 -3.9025 2.9
      vertex 2.12128 -3.96865 2.9
      vertex 2.45208 -3.68304 2.9
    endloop
  endfacet
  facet normal 0 0 1
    outer loop
      vertex 2.08593 -3.9025 2.9
      vertex 1.72207 -4.15746 2.9
      vertex 2.12128 -3.96865 2.9
    endloop
  endfacet
  facet normal -0 0 1
    outer loop
      vertex 1.69337 -4.08817 2.9
      vertex 1.72207 -4.15746 2.9
      vertex 2.08593 -3.9025 2.9
    endloop
  endfacet
  facet normal 0 0 1
    outer loop
      vertex 1.29144 -4.23198 2.9
      vertex 1.72207 -4.15746 2.9
      vertex 1.69337 -4.08817 2.9
    endloop
  endfacet
  facet normal 0 0 1
    outer loop
      vertex 1.72207 -4.15746 2.9
      vertex 1.29144 -4.23198 2.9
      vertex 1.30628 -4.30623 2.9
    endloop
  endfacet
  facet normal -0 0 1
    outer loop
      vertex 1.28451 -4.23446 2.9
      vertex 1.30628 -4.30623 2.9
      vertex 1.29144 -4.23198 2.9
    endloop
  endfacet
  facet normal 0 0 1
    outer loop
      vertex 0.870414 -4.33819 2.9
      vertex 1.30628 -4.30623 2.9
      vertex 1.28451 -4.23446 2.9
    endloop
  endfacet
  facet normal 0 0 1
    outer loop
      vertex 1.30628 -4.30623 2.9
      vertex 0.870414 -4.33819 2.9
      vertex 0.877906 -4.41353 2.9
    endloop
  endfacet
  facet normal -0 0 1
    outer loop
      vertex 0.863274 -4.33997 2.9
      vertex 0.877906 -4.41353 2.9
      vertex 0.870414 -4.33819 2.9
    endloop
  endfacet
  facet normal -0 0 1
    outer loop
      vertex 0.855994 -4.34105 2.9
      vertex 0.877906 -4.41353 2.9
      vertex 0.863274 -4.33997 2.9
    endloop
  endfacet
  facet normal 0 0 1
    outer loop
      vertex 0.855994 -4.34105 2.9
      vertex 0.441076 -4.47833 2.9
      vertex 0.877906 -4.41353 2.9
    endloop
  endfacet
  facet normal -0 0 1
    outer loop
      vertex 0.433725 -4.40369 2.9
      vertex 0.441076 -4.47833 2.9
      vertex 0.855994 -4.34105 2.9
    endloop
  endfacet
  facet normal -0 0 1
    outer loop
      vertex 0 -4.425 2.9
      vertex 0.441076 -4.47833 2.9
      vertex 0.433725 -4.40369 2.9
    endloop
  endfacet
  facet normal 0 0 1
    outer loop
      vertex 0 -4.425 2.9
      vertex 0 -4.5 2.9
      vertex 0.441076 -4.47833 2.9
    endloop
  endfacet
  facet normal 0 0 1
    outer loop
      vertex -0.433725 -4.40369 2.9
      vertex 0 -4.5 2.9
      vertex 0 -4.425 2.9
    endloop
  endfacet
  facet normal 0 0 1
    outer loop
      vertex -0.433725 -4.40369 2.9
      vertex -0.441076 -4.47833 2.9
      vertex 0 -4.5 2.9
    endloop
  endfacet
  facet normal 0 0 1
    outer loop
      vertex -0.855994 -4.34105 2.9
      vertex -0.441076 -4.47833 2.9
      vertex -0.433725 -4.40369 2.9
    endloop
  endfacet
  facet normal 0 0 1
    outer loop
      vertex -0.877906 -4.41353 2.9
      vertex -0.855994 -4.34105 2.9
      vertex -0.863274 -4.33997 2.9
    endloop
  endfacet
  facet normal 0 0 1
    outer loop
      vertex -0.877906 -4.41353 2.9
      vertex -0.863274 -4.33997 2.9
      vertex -0.870414 -4.33819 2.9
    endloop
  endfacet
  facet normal 0 0 1
    outer loop
      vertex -0.855994 -4.34105 2.9
      vertex -0.877906 -4.41353 2.9
      vertex -0.441076 -4.47833 2.9
    endloop
  endfacet
  facet normal -0 0 1
    outer loop
      vertex -1.30628 -4.30623 2.9
      vertex -0.870414 -4.33819 2.9
      vertex -1.28451 -4.23446 2.9
    endloop
  endfacet
  facet normal 0 0 1
    outer loop
      vertex -1.30628 -4.30623 2.9
      vertex -1.28451 -4.23446 2.9
      vertex -1.29144 -4.23198 2.9
    endloop
  endfacet
  facet normal 0 0 1
    outer loop
      vertex -0.870414 -4.33819 2.9
      vertex -1.30628 -4.30623 2.9
      vertex -0.877906 -4.41353 2.9
    endloop
  endfacet
  facet normal -0 0 1
    outer loop
      vertex -1.72207 -4.15746 2.9
      vertex -1.29144 -4.23198 2.9
      vertex -1.69337 -4.08817 2.9
    endloop
  endfacet
  facet normal 0 0 1
    outer loop
      vertex -1.29144 -4.23198 2.9
      vertex -1.72207 -4.15746 2.9
      vertex -1.30628 -4.30623 2.9
    endloop
  endfacet
  facet normal 0 0 1
    outer loop
      vertex -2.08593 -3.9025 2.9
      vertex -1.72207 -4.15746 2.9
      vertex -1.69337 -4.08817 2.9
    endloop
  endfacet
  facet normal 0 0 1
    outer loop
      vertex -2.08593 -3.9025 2.9
      vertex -2.12128 -3.96865 2.9
      vertex -1.72207 -4.15746 2.9
    endloop
  endfacet
  facet normal 0 0 1
    outer loop
      vertex -2.45208 -3.68304 2.9
      vertex -2.12128 -3.96865 2.9
      vertex -2.08593 -3.9025 2.9
    endloop
  endfacet
  facet normal 0 0 1
    outer loop
      vertex -2.50007 -3.74161 2.9
      vertex -2.45208 -3.68304 2.9
      vertex -2.4584 -3.67925 2.9
    endloop
  endfacet
  facet normal 0 0 1
    outer loop
      vertex -2.50007 -3.74161 2.9
      vertex -2.4584 -3.67925 2.9
      vertex -2.46431 -3.67487 2.9
    endloop
  endfacet
  facet normal 0 0 1
    outer loop
      vertex -2.45208 -3.68304 2.9
      vertex -2.50007 -3.74161 2.9
      vertex -2.12128 -3.96865 2.9
    endloop
  endfacet
  facet normal -0 0 1
    outer loop
      vertex -2.85477 -3.47855 2.9
      vertex -2.46431 -3.67487 2.9
      vertex -2.80719 -3.42057 2.9
    endloop
  endfacet
  facet normal 0 0 1
    outer loop
      vertex -2.85477 -3.47855 2.9
      vertex -2.80719 -3.42057 2.9
      vertex -2.81264 -3.41563 2.9
    endloop
  endfacet
  facet normal 0 0 1
    outer loop
      vertex -2.46431 -3.67487 2.9
      vertex -2.85477 -3.47855 2.9
      vertex -2.50007 -3.74161 2.9
    endloop
  endfacet
  facet normal -0 0 1
    outer loop
      vertex -3.18198 -3.18198 2.9
      vertex -2.81264 -3.41563 2.9
      vertex -3.12895 -3.12895 2.9
    endloop
  endfacet
  facet normal 0 0 1
    outer loop
      vertex -2.81264 -3.41563 2.9
      vertex -3.18198 -3.18198 2.9
      vertex -2.85477 -3.47855 2.9
    endloop
  endfacet
  facet normal 0 0 1
    outer loop
      vertex -3.41563 -2.81264 2.9
      vertex -3.18198 -3.18198 2.9
      vertex -3.12895 -3.12895 2.9
    endloop
  endfacet
  facet normal 0 0 1
    outer loop
      vertex -3.47855 -2.85477 2.9
      vertex -3.41563 -2.81264 2.9
      vertex -3.42057 -2.80719 2.9
    endloop
  endfacet
  facet normal 0 0 1
    outer loop
      vertex -3.41563 -2.81264 2.9
      vertex -3.47855 -2.85477 2.9
      vertex -3.18198 -3.18198 2.9
    endloop
  endfacet
  facet normal 0 0 1
    outer loop
      vertex -3.67487 -2.46431 2.9
      vertex -3.47855 -2.85477 2.9
      vertex -3.42057 -2.80719 2.9
    endloop
  endfacet
  facet normal 0 0 1
    outer loop
      vertex -3.74161 -2.50007 2.9
      vertex -3.67487 -2.46431 2.9
      vertex -3.67925 -2.4584 2.9
    endloop
  endfacet
  facet normal 0 0 1
    outer loop
      vertex -3.74161 -2.50007 2.9
      vertex -3.67925 -2.4584 2.9
      vertex -3.68304 -2.45208 2.9
    endloop
  endfacet
  facet normal 0 0 1
    outer loop
      vertex -3.67487 -2.46431 2.9
      vertex -3.74161 -2.50007 2.9
      vertex -3.47855 -2.85477 2.9
    endloop
  endfacet
  facet normal -0 0 1
    outer loop
      vertex -3.96865 -2.12128 2.9
      vertex -3.68304 -2.45208 2.9
      vertex -3.9025 -2.08593 2.9
    endloop
  endfacet
  facet normal 0 0 1
    outer loop
      vertex -3.68304 -2.45208 2.9
      vertex -3.96865 -2.12128 2.9
      vertex -3.74161 -2.50007 2.9
    endloop
  endfacet
  facet normal 0 0 1
    outer loop
      vertex -4.08817 -1.69337 2.9
      vertex -3.96865 -2.12128 2.9
      vertex -3.9025 -2.08593 2.9
    endloop
  endfacet
  facet normal 0 0 1
    outer loop
      vertex -4.08817 -1.69337 2.9
      vertex -4.15746 -1.72207 2.9
      vertex -3.96865 -2.12128 2.9
    endloop
  endfacet
  facet normal 0 0 1
    outer loop
      vertex -4.23198 -1.29144 2.9
      vertex -4.15746 -1.72207 2.9
      vertex -4.08817 -1.69337 2.9
    endloop
  endfacet
  facet normal 0 0 1
    outer loop
      vertex -4.30623 -1.30628 2.9
      vertex -4.23198 -1.29144 2.9
      vertex -4.23446 -1.28451 2.9
    endloop
  endfacet
  facet normal 0 0 1
    outer loop
      vertex -4.23198 -1.29144 2.9
      vertex -4.30623 -1.30628 2.9
      vertex -4.15746 -1.72207 2.9
    endloop
  endfacet
  facet normal 0 0 1
    outer loop
      vertex -4.33819 -0.870414 2.9
      vertex -4.30623 -1.30628 2.9
      vertex -4.23446 -1.28451 2.9
    endloop
  endfacet
  facet normal 0 0 1
    outer loop
      vertex -4.41353 -0.877906 2.9
      vertex -4.33819 -0.870414 2.9
      vertex -4.33997 -0.863274 2.9
    endloop
  endfacet
  facet normal 0 0 1
    outer loop
      vertex -4.41353 -0.877906 2.9
      vertex -4.33997 -0.863274 2.9
      vertex -4.34105 -0.855994 2.9
    endloop
  endfacet
  facet normal -0 0 1
    outer loop
      vertex -4.47833 -0.441076 2.9
      vertex -4.34105 -0.855994 2.9
      vertex -4.40369 -0.433725 2.9
    endloop
  endfacet
  facet normal 0 0 1
    outer loop
      vertex -4.33819 -0.870414 2.9
      vertex -4.41353 -0.877906 2.9
      vertex -4.30623 -1.30628 2.9
    endloop
  endfacet
  facet normal 0 0 1
    outer loop
      vertex -4.47833 -0.441076 2.9
      vertex -4.40369 -0.433725 2.9
      vertex -4.425 0 2.9
    endloop
  endfacet
  facet normal 0 0 1
    outer loop
      vertex -4.5 0 2.9
      vertex -4.425 0 2.9
      vertex -4.47833 0.441076 2.9
    endloop
  endfacet
  facet normal 0 0 1
    outer loop
      vertex -4.34105 -0.855994 2.9
      vertex -4.47833 -0.441076 2.9
      vertex -4.41353 -0.877906 2.9
    endloop
  endfacet
  facet normal 0 0 1
    outer loop
      vertex -4.425 0 2.9
      vertex -4.5 0 2.9
      vertex -4.47833 -0.441076 2.9
    endloop
  endfacet
  facet normal 0.671564 0.740946 -0
    outer loop
      vertex -2.85477 -3.47855 2.9
      vertex -3.18198 -3.18198 7.5
      vertex -2.85477 -3.47855 7.5
    endloop
  endfacet
  facet normal 0.671564 0.740946 0
    outer loop
      vertex -3.18198 -3.18198 7.5
      vertex -2.85477 -3.47855 2.9
      vertex -3.18198 -3.18198 2.9
    endloop
  endfacet
  facet normal 0.803211 -0.595694 0
    outer loop
      vertex -3.74161 2.50007 7.5
      vertex -3.47855 2.85477 2.9
      vertex -3.47855 2.85477 7.5
    endloop
  endfacet
  facet normal 0.803211 -0.595694 0
    outer loop
      vertex -3.47855 2.85477 2.9
      vertex -3.74161 2.50007 7.5
      vertex -3.74161 2.50007 2.9
    endloop
  endfacet
  facet normal 0.0490707 0.998795 -0
    outer loop
      vertex 0 -4.5 2.9
      vertex -0.441076 -4.47833 7.5
      vertex 0 -4.5 7.5
    endloop
  endfacet
  facet normal 0.0490707 0.998795 0
    outer loop
      vertex -0.441076 -4.47833 7.5
      vertex 0 -4.5 2.9
      vertex -0.441076 -4.47833 2.9
    endloop
  endfacet
  facet normal 0.146736 0.989176 -0
    outer loop
      vertex -0.441076 -4.47833 2.9
      vertex -0.877906 -4.41353 7.5
      vertex -0.441076 -4.47833 7.5
    endloop
  endfacet
  facet normal 0.146736 0.989176 0
    outer loop
      vertex -0.877906 -4.41353 7.5
      vertex -0.441076 -4.47833 2.9
      vertex -0.877906 -4.41353 2.9
    endloop
  endfacet
  facet normal 0.989176 -0.146736 0
    outer loop
      vertex -4.47833 0.441076 7.5
      vertex -4.41353 0.877906 2.9
      vertex -4.41353 0.877906 7.5
    endloop
  endfacet
  facet normal 0.989176 -0.146736 0
    outer loop
      vertex -4.41353 0.877906 2.9
      vertex -4.47833 0.441076 7.5
      vertex -4.47833 0.441076 2.9
    endloop
  endfacet
  facet normal 0.998795 -0.0490707 0
    outer loop
      vertex -4.5 0 7.5
      vertex -4.47833 0.441076 2.9
      vertex -4.47833 0.441076 7.5
    endloop
  endfacet
  facet normal 0.998795 -0.0490707 0
    outer loop
      vertex -4.47833 0.441076 2.9
      vertex -4.5 0 7.5
      vertex -4.5 0 2.9
    endloop
  endfacet
  facet normal 0.336886 0.941546 -0
    outer loop
      vertex -1.30628 -4.30623 2.9
      vertex -1.72207 -4.15746 7.5
      vertex -1.30628 -4.30623 7.5
    endloop
  endfacet
  facet normal 0.336886 0.941546 0
    outer loop
      vertex -1.72207 -4.15746 7.5
      vertex -1.30628 -4.30623 2.9
      vertex -1.72207 -4.15746 2.9
    endloop
  endfacet
  facet normal -0.671564 0.740946 0
    outer loop
      vertex 3.18198 -3.18198 2.9
      vertex 2.85477 -3.47855 7.5
      vertex 3.18198 -3.18198 7.5
    endloop
  endfacet
  facet normal -0.671564 0.740946 0
    outer loop
      vertex 2.85477 -3.47855 7.5
      vertex 3.18198 -3.18198 2.9
      vertex 2.85477 -3.47855 2.9
    endloop
  endfacet
  facet normal 0.537504 -0.592996 0.599537
    outer loop
      vertex -2.81264 3.41563 2.9
      vertex -1.42738 1.73927 0
      vertex -2.80719 3.42057 2.9
    endloop
  endfacet
  facet normal 0.537465 -0.593031 0.599538
    outer loop
      vertex -1.42738 1.73927 0
      vertex -2.81264 3.41563 2.9
      vertex -1.59099 1.59099 0
    endloop
  endfacet
  facet normal -0.26964 -0.753559 0.599536
    outer loop
      vertex 0.861037 2.07873 0
      vertex 1.28451 4.23446 2.9
      vertex 0.65314 2.15312 0
    endloop
  endfacet
  facet normal -0.269669 -0.75355 0.599534
    outer loop
      vertex 1.28451 4.23446 2.9
      vertex 0.861037 2.07873 0
      vertex 1.29144 4.23198 2.9
    endloop
  endfacet
  facet normal 0.11744 0.791685 0.599536
    outer loop
      vertex -0.433725 -4.40369 2.9
      vertex -0.220538 -2.23917 0
      vertex -0.855994 -4.34105 2.9
    endloop
  endfacet
  facet normal -0.537473 -0.593024 0.599538
    outer loop
      vertex 3.12895 3.12895 2.9
      vertex 2.81264 3.41563 2.9
      vertex 1.59099 1.59099 0
    endloop
  endfacet
  facet normal -0.753559 0.26964 0.599536
    outer loop
      vertex 2.07873 -0.861037 0
      vertex 4.23446 -1.28451 2.9
      vertex 2.15312 -0.65314 0
    endloop
  endfacet
  facet normal -0.75355 0.269669 0.599534
    outer loop
      vertex 4.23446 -1.28451 2.9
      vertex 2.07873 -0.861037 0
      vertex 4.23198 -1.29144 2.9
    endloop
  endfacet
  facet normal 0.269624 -0.753564 0.599537
    outer loop
      vertex -0.861037 2.07873 0
      vertex -1.29144 4.23198 2.9
      vertex -1.69337 4.08817 2.9
    endloop
  endfacet
  facet normal -0.194476 0.77636 0.599536
    outer loop
      vertex 0.870414 -4.33819 2.9
      vertex 1.28451 -4.23446 2.9
      vertex 0.65314 -2.15312 0
    endloop
  endfacet
  facet normal -0.11744 -0.791685 0.599536
    outer loop
      vertex 0.438952 2.20677 0
      vertex 0.855994 4.34105 2.9
      vertex 0.220538 2.23917 0
    endloop
  endfacet
  facet normal -0.117448 -0.791683 0.599536
    outer loop
      vertex 0.855994 4.34105 2.9
      vertex 0.438952 2.20677 0
      vertex 0.863274 4.33997 2.9
    endloop
  endfacet
  facet normal -0.476769 -0.642842 0.599538
    outer loop
      vertex 2.80719 3.42057 2.9
      vertex 2.46431 3.67487 2.9
      vertex 1.42738 1.73927 0
    endloop
  endfacet
  facet normal 0.776533 -0.193589 0.5996
    outer loop
      vertex -4.33997 0.863274 2.9
      vertex -2.15312 0.65314 0
      vertex -4.33819 0.870414 2.9
    endloop
  endfacet
  facet normal 0.776364 -0.194464 0.599536
    outer loop
      vertex -2.15312 0.65314 0
      vertex -4.33997 0.863274 2.9
      vertex -2.20677 0.438952 0
    endloop
  endfacet
  facet normal -0.194464 -0.776364 0.599536
    outer loop
      vertex 0.65314 2.15312 0
      vertex 0.863274 4.33997 2.9
      vertex 0.438952 2.20677 0
    endloop
  endfacet
  facet normal -0.193589 -0.776533 0.5996
    outer loop
      vertex 0.863274 4.33997 2.9
      vertex 0.65314 2.15312 0
      vertex 0.870414 4.33819 2.9
    endloop
  endfacet
  facet normal -0.117448 0.791683 0.599536
    outer loop
      vertex 0.438952 -2.20677 0
      vertex 0.855994 -4.34105 2.9
      vertex 0.863274 -4.33997 2.9
    endloop
  endfacet
  facet normal -0.11744 0.791685 0.599536
    outer loop
      vertex 0.855994 -4.34105 2.9
      vertex 0.438952 -2.20677 0
      vertex 0.220538 -2.23917 0
    endloop
  endfacet
  facet normal -0.75355 -0.269669 0.599534
    outer loop
      vertex 2.07873 0.861037 0
      vertex 4.23446 1.28451 2.9
      vertex 4.23198 1.29144 2.9
    endloop
  endfacet
  facet normal -0.753559 -0.26964 0.599536
    outer loop
      vertex 4.23446 1.28451 2.9
      vertex 2.07873 0.861037 0
      vertex 2.15312 0.65314 0
    endloop
  endfacet
  facet normal 0.593024 0.537473 0.599538
    outer loop
      vertex -3.12895 -3.12895 2.9
      vertex -1.59099 -1.59099 0
      vertex -3.41563 -2.81264 2.9
    endloop
  endfacet
  facet normal -0.269624 0.753564 0.599537
    outer loop
      vertex 1.29144 -4.23198 2.9
      vertex 1.69337 -4.08817 2.9
      vertex 0.861037 -2.07873 0
    endloop
  endfacet
  facet normal -0.642831 0.476786 0.599536
    outer loop
      vertex 1.73927 -1.42738 0
      vertex 3.67925 -2.4584 2.9
      vertex 1.87081 -1.25003 0
    endloop
  endfacet
  facet normal -0.642996 0.476535 0.599558
    outer loop
      vertex 3.67925 -2.4584 2.9
      vertex 1.73927 -1.42738 0
      vertex 3.67487 -2.46431 2.9
    endloop
  endfacet
  facet normal 0.342207 0.723499 0.599537
    outer loop
      vertex -1.06064 -1.98432 0
      vertex -1.69337 -4.08817 2.9
      vertex -0.861037 -2.07873 0
    endloop
  endfacet
  facet normal 0.342197 0.723503 0.599538
    outer loop
      vertex -1.69337 -4.08817 2.9
      vertex -1.06064 -1.98432 0
      vertex -2.08593 -3.9025 2.9
    endloop
  endfacet
  facet normal -0.193589 0.776533 0.5996
    outer loop
      vertex 0.65314 -2.15312 0
      vertex 0.863274 -4.33997 2.9
      vertex 0.870414 -4.33819 2.9
    endloop
  endfacet
  facet normal -0.194464 0.776364 0.599536
    outer loop
      vertex 0.863274 -4.33997 2.9
      vertex 0.65314 -2.15312 0
      vertex 0.438952 -2.20677 0
    endloop
  endfacet
  facet normal 0.77636 -0.194476 0.599536
    outer loop
      vertex -2.15312 0.65314 0
      vertex -4.23446 1.28451 2.9
      vertex -4.33819 0.870414 2.9
    endloop
  endfacet
  facet normal -0.686482 -0.411458 0.599538
    outer loop
      vertex 3.9025 2.08593 2.9
      vertex 3.68304 2.45208 2.9
      vertex 1.98432 1.06064 0
    endloop
  endfacet
  facet normal -0.791685 -0.11744 0.599536
    outer loop
      vertex 4.40369 0.433725 2.9
      vertex 4.34105 0.855994 2.9
      vertex 2.23917 0.220538 0
    endloop
  endfacet
  facet normal -0.476535 0.642996 0.599558
    outer loop
      vertex 1.42738 -1.73927 0
      vertex 2.4584 -3.67925 2.9
      vertex 2.46431 -3.67487 2.9
    endloop
  endfacet
  facet normal -0.476786 0.642831 0.599536
    outer loop
      vertex 2.4584 -3.67925 2.9
      vertex 1.42738 -1.73927 0
      vertex 1.25003 -1.87081 0
    endloop
  endfacet
  facet normal -0.642842 -0.476769 0.599538
    outer loop
      vertex 3.67487 2.46431 2.9
      vertex 3.42057 2.80719 2.9
      vertex 1.73927 1.42738 0
    endloop
  endfacet
  facet normal 0.791685 -0.11744 0.599536
    outer loop
      vertex -2.23917 0.220538 0
      vertex -4.34105 0.855994 2.9
      vertex -4.40369 0.433725 2.9
    endloop
  endfacet
  facet normal -0.593024 -0.537473 0.599538
    outer loop
      vertex 3.41563 2.81264 2.9
      vertex 3.12895 3.12895 2.9
      vertex 1.59099 1.59099 0
    endloop
  endfacet
  facet normal -0.476769 0.642842 0.599538
    outer loop
      vertex 2.46431 -3.67487 2.9
      vertex 2.80719 -3.42057 2.9
      vertex 1.42738 -1.73927 0
    endloop
  endfacet
  facet normal -0.642996 -0.476535 0.599558
    outer loop
      vertex 1.73927 1.42738 0
      vertex 3.67925 2.4584 2.9
      vertex 3.67487 2.46431 2.9
    endloop
  endfacet
  facet normal -0.642831 -0.476786 0.599536
    outer loop
      vertex 3.67925 2.4584 2.9
      vertex 1.73927 1.42738 0
      vertex 1.87081 1.25003 0
    endloop
  endfacet
  facet normal -0.411445 -0.68649 0.599536
    outer loop
      vertex 1.25003 1.87081 0
      vertex 2.45208 3.68304 2.9
      vertex 1.06064 1.98432 0
    endloop
  endfacet
  facet normal -0.411614 -0.686385 0.599541
    outer loop
      vertex 2.45208 3.68304 2.9
      vertex 1.25003 1.87081 0
      vertex 2.4584 3.67925 2.9
    endloop
  endfacet
  facet normal -0.686385 -0.411614 0.599541
    outer loop
      vertex 1.87081 1.25003 0
      vertex 3.68304 2.45208 2.9
      vertex 3.67925 2.4584 2.9
    endloop
  endfacet
  facet normal -0.68649 -0.411445 0.599536
    outer loop
      vertex 3.68304 2.45208 2.9
      vertex 1.87081 1.25003 0
      vertex 1.98432 1.06064 0
    endloop
  endfacet
  facet normal 0.194476 -0.77636 0.599536
    outer loop
      vertex -0.65314 2.15312 0
      vertex -0.870414 4.33819 2.9
      vertex -1.28451 4.23446 2.9
    endloop
  endfacet
  facet normal -0.753564 0.269624 0.599537
    outer loop
      vertex 4.08817 -1.69337 2.9
      vertex 4.23198 -1.29144 2.9
      vertex 2.07873 -0.861037 0
    endloop
  endfacet
  facet normal -0.791685 0.11744 0.599536
    outer loop
      vertex 2.20677 -0.438952 0
      vertex 4.34105 -0.855994 2.9
      vertex 2.23917 -0.220538 0
    endloop
  endfacet
  facet normal -0.791683 0.117448 0.599536
    outer loop
      vertex 4.34105 -0.855994 2.9
      vertex 2.20677 -0.438952 0
      vertex 4.33997 -0.863274 2.9
    endloop
  endfacet
  facet normal 0.476535 -0.642996 0.599558
    outer loop
      vertex -1.42738 1.73927 0
      vertex -2.4584 3.67925 2.9
      vertex -2.46431 3.67487 2.9
    endloop
  endfacet
  facet normal 0.476786 -0.642831 0.599536
    outer loop
      vertex -2.4584 3.67925 2.9
      vertex -1.42738 1.73927 0
      vertex -1.25003 1.87081 0
    endloop
  endfacet
  facet normal 0.753559 0.26964 0.599536
    outer loop
      vertex -4.23446 -1.28451 2.9
      vertex -2.07873 -0.861037 0
      vertex -2.15312 -0.65314 0
    endloop
  endfacet
  facet normal 0.75355 0.269669 0.599534
    outer loop
      vertex -2.07873 -0.861037 0
      vertex -4.23446 -1.28451 2.9
      vertex -4.23198 -1.29144 2.9
    endloop
  endfacet
  facet normal -0.753564 -0.269624 0.599537
    outer loop
      vertex 4.23198 1.29144 2.9
      vertex 4.08817 1.69337 2.9
      vertex 2.07873 0.861037 0
    endloop
  endfacet
  facet normal -0.799383 -0.0392555 0.599538
    outer loop
      vertex 4.425 0 2.9
      vertex 2.23917 0.220538 0
      vertex 2.25 0 0
    endloop
  endfacet
  facet normal -0.799383 -0.0392757 0.599536
    outer loop
      vertex 2.23917 0.220538 0
      vertex 4.425 0 2.9
      vertex 4.40369 0.433725 2.9
    endloop
  endfacet
  facet normal -0.791685 0.11744 0.599536
    outer loop
      vertex 4.34105 -0.855994 2.9
      vertex 4.40369 -0.433725 2.9
      vertex 2.23917 -0.220538 0
    endloop
  endfacet
  facet normal 0.799383 0.0392555 0.599538
    outer loop
      vertex -4.425 0 2.9
      vertex -2.23917 -0.220538 0
      vertex -2.25 0 0
    endloop
  endfacet
  facet normal 0.799383 0.0392757 0.599536
    outer loop
      vertex -2.23917 -0.220538 0
      vertex -4.425 0 2.9
      vertex -4.40369 -0.433725 2.9
    endloop
  endfacet
  facet normal 0.753564 0.269624 0.599537
    outer loop
      vertex -4.08817 -1.69337 2.9
      vertex -2.07873 -0.861037 0
      vertex -4.23198 -1.29144 2.9
    endloop
  endfacet
  facet normal 0.75355 -0.269669 0.599534
    outer loop
      vertex -4.23446 1.28451 2.9
      vertex -2.07873 0.861037 0
      vertex -4.23198 1.29144 2.9
    endloop
  endfacet
  facet normal 0.753559 -0.26964 0.599536
    outer loop
      vertex -2.07873 0.861037 0
      vertex -4.23446 1.28451 2.9
      vertex -2.15312 0.65314 0
    endloop
  endfacet
  facet normal -0.269624 -0.753564 0.599537
    outer loop
      vertex 1.69337 4.08817 2.9
      vertex 1.29144 4.23198 2.9
      vertex 0.861037 2.07873 0
    endloop
  endfacet
  facet normal -0.592996 0.537504 0.599537
    outer loop
      vertex 1.73927 -1.42738 0
      vertex 3.41563 -2.81264 2.9
      vertex 3.42057 -2.80719 2.9
    endloop
  endfacet
  facet normal -0.593031 0.537465 0.599538
    outer loop
      vertex 3.41563 -2.81264 2.9
      vertex 1.73927 -1.42738 0
      vertex 1.59099 -1.59099 0
    endloop
  endfacet
  facet normal 0.753564 -0.269624 0.599537
    outer loop
      vertex -2.07873 0.861037 0
      vertex -4.08817 1.69337 2.9
      vertex -4.23198 1.29144 2.9
    endloop
  endfacet
  facet normal -0.11744 -0.791685 0.599536
    outer loop
      vertex 0.855994 4.34105 2.9
      vertex 0.433725 4.40369 2.9
      vertex 0.220538 2.23917 0
    endloop
  endfacet
  facet normal 0.791683 -0.117448 0.599536
    outer loop
      vertex -4.34105 0.855994 2.9
      vertex -2.20677 0.438952 0
      vertex -4.33997 0.863274 2.9
    endloop
  endfacet
  facet normal 0.791685 -0.11744 0.599536
    outer loop
      vertex -2.20677 0.438952 0
      vertex -4.34105 0.855994 2.9
      vertex -2.23917 0.220538 0
    endloop
  endfacet
  facet normal 0.476786 0.642831 0.599536
    outer loop
      vertex -1.42738 -1.73927 0
      vertex -2.4584 -3.67925 2.9
      vertex -1.25003 -1.87081 0
    endloop
  endfacet
  facet normal 0.476535 0.642996 0.599558
    outer loop
      vertex -2.4584 -3.67925 2.9
      vertex -1.42738 -1.73927 0
      vertex -2.46431 -3.67487 2.9
    endloop
  endfacet
  facet normal 0.269624 0.753564 0.599537
    outer loop
      vertex -1.29144 -4.23198 2.9
      vertex -0.861037 -2.07873 0
      vertex -1.69337 -4.08817 2.9
    endloop
  endfacet
  facet normal -0.642842 0.476769 0.599538
    outer loop
      vertex 3.42057 -2.80719 2.9
      vertex 3.67487 -2.46431 2.9
      vertex 1.73927 -1.42738 0
    endloop
  endfacet
  facet normal 0.411458 -0.686482 0.599538
    outer loop
      vertex -1.06064 1.98432 0
      vertex -2.08593 3.9025 2.9
      vertex -2.45208 3.68304 2.9
    endloop
  endfacet
  facet normal 0.269669 -0.75355 0.599534
    outer loop
      vertex -0.861037 2.07873 0
      vertex -1.28451 4.23446 2.9
      vertex -1.29144 4.23198 2.9
    endloop
  endfacet
  facet normal 0.26964 -0.753559 0.599536
    outer loop
      vertex -1.28451 4.23446 2.9
      vertex -0.861037 2.07873 0
      vertex -0.65314 2.15312 0
    endloop
  endfacet
  facet normal -0.411458 0.686482 0.599538
    outer loop
      vertex 2.08593 -3.9025 2.9
      vertex 2.45208 -3.68304 2.9
      vertex 1.06064 -1.98432 0
    endloop
  endfacet
  facet normal -0.68649 0.411445 0.599536
    outer loop
      vertex 1.87081 -1.25003 0
      vertex 3.68304 -2.45208 2.9
      vertex 1.98432 -1.06064 0
    endloop
  endfacet
  facet normal -0.686385 0.411614 0.599541
    outer loop
      vertex 3.68304 -2.45208 2.9
      vertex 1.87081 -1.25003 0
      vertex 3.67925 -2.4584 2.9
    endloop
  endfacet
  facet normal -0.686482 0.411458 0.599538
    outer loop
      vertex 3.68304 -2.45208 2.9
      vertex 3.9025 -2.08593 2.9
      vertex 1.98432 -1.06064 0
    endloop
  endfacet
  facet normal -0.11744 0.791685 0.599536
    outer loop
      vertex 0.433725 -4.40369 2.9
      vertex 0.855994 -4.34105 2.9
      vertex 0.220538 -2.23917 0
    endloop
  endfacet
  facet normal -0.0392757 0.799383 0.599536
    outer loop
      vertex 0.220538 -2.23917 0
      vertex 0 -4.425 2.9
      vertex 0.433725 -4.40369 2.9
    endloop
  endfacet
  facet normal -0.0392555 0.799383 0.599538
    outer loop
      vertex 0 -4.425 2.9
      vertex 0.220538 -2.23917 0
      vertex 0 -2.25 0
    endloop
  endfacet
  facet normal -0.799383 0.0392555 0.599538
    outer loop
      vertex 2.23917 -0.220538 0
      vertex 4.425 0 2.9
      vertex 2.25 0 0
    endloop
  endfacet
  facet normal -0.799383 0.0392757 0.599536
    outer loop
      vertex 4.425 0 2.9
      vertex 2.23917 -0.220538 0
      vertex 4.40369 -0.433725 2.9
    endloop
  endfacet
  facet normal -0.776364 0.194464 0.599536
    outer loop
      vertex 2.15312 -0.65314 0
      vertex 4.33997 -0.863274 2.9
      vertex 2.20677 -0.438952 0
    endloop
  endfacet
  facet normal -0.776533 0.193589 0.5996
    outer loop
      vertex 4.33997 -0.863274 2.9
      vertex 2.15312 -0.65314 0
      vertex 4.33819 -0.870414 2.9
    endloop
  endfacet
  facet normal -0.537504 -0.592996 0.599537
    outer loop
      vertex 1.42738 1.73927 0
      vertex 2.81264 3.41563 2.9
      vertex 2.80719 3.42057 2.9
    endloop
  endfacet
  facet normal -0.537465 -0.593031 0.599538
    outer loop
      vertex 2.81264 3.41563 2.9
      vertex 1.42738 1.73927 0
      vertex 1.59099 1.59099 0
    endloop
  endfacet
  facet normal -0.723503 -0.342197 0.599538
    outer loop
      vertex 1.98432 1.06064 0
      vertex 4.08817 1.69337 2.9
      vertex 3.9025 2.08593 2.9
    endloop
  endfacet
  facet normal -0.723499 -0.342207 0.599537
    outer loop
      vertex 4.08817 1.69337 2.9
      vertex 1.98432 1.06064 0
      vertex 2.07873 0.861037 0
    endloop
  endfacet
  facet normal -0.77636 0.194476 0.599536
    outer loop
      vertex 4.23446 -1.28451 2.9
      vertex 4.33819 -0.870414 2.9
      vertex 2.15312 -0.65314 0
    endloop
  endfacet
  facet normal -0.593024 0.537473 0.599538
    outer loop
      vertex 3.12895 -3.12895 2.9
      vertex 3.41563 -2.81264 2.9
      vertex 1.59099 -1.59099 0
    endloop
  endfacet
  facet normal 0.194464 0.776364 0.599536
    outer loop
      vertex -0.65314 -2.15312 0
      vertex -0.863274 -4.33997 2.9
      vertex -0.438952 -2.20677 0
    endloop
  endfacet
  facet normal 0.193589 0.776533 0.5996
    outer loop
      vertex -0.863274 -4.33997 2.9
      vertex -0.65314 -2.15312 0
      vertex -0.870414 -4.33819 2.9
    endloop
  endfacet
  facet normal 0.642842 0.476769 0.599538
    outer loop
      vertex -3.42057 -2.80719 2.9
      vertex -1.73927 -1.42738 0
      vertex -3.67487 -2.46431 2.9
    endloop
  endfacet
  facet normal 0.411614 -0.686385 0.599541
    outer loop
      vertex -1.25003 1.87081 0
      vertex -2.45208 3.68304 2.9
      vertex -2.4584 3.67925 2.9
    endloop
  endfacet
  facet normal 0.411445 -0.68649 0.599536
    outer loop
      vertex -2.45208 3.68304 2.9
      vertex -1.25003 1.87081 0
      vertex -1.06064 1.98432 0
    endloop
  endfacet
  facet normal 0.476769 -0.642842 0.599538
    outer loop
      vertex -1.42738 1.73927 0
      vertex -2.46431 3.67487 2.9
      vertex -2.80719 3.42057 2.9
    endloop
  endfacet
  facet normal 0.723499 0.342207 0.599537
    outer loop
      vertex -4.08817 -1.69337 2.9
      vertex -1.98432 -1.06064 0
      vertex -2.07873 -0.861037 0
    endloop
  endfacet
  facet normal 0.723503 0.342197 0.599538
    outer loop
      vertex -1.98432 -1.06064 0
      vertex -4.08817 -1.69337 2.9
      vertex -3.9025 -2.08593 2.9
    endloop
  endfacet
  facet normal 0.68649 0.411445 0.599536
    outer loop
      vertex -3.68304 -2.45208 2.9
      vertex -1.87081 -1.25003 0
      vertex -1.98432 -1.06064 0
    endloop
  endfacet
  facet normal 0.686385 0.411614 0.599541
    outer loop
      vertex -1.87081 -1.25003 0
      vertex -3.68304 -2.45208 2.9
      vertex -3.67925 -2.4584 2.9
    endloop
  endfacet
  facet normal 0.537473 -0.593024 0.599538
    outer loop
      vertex -1.59099 1.59099 0
      vertex -2.81264 3.41563 2.9
      vertex -3.12895 3.12895 2.9
    endloop
  endfacet
  facet normal 0.11744 0.791685 0.599536
    outer loop
      vertex -0.438952 -2.20677 0
      vertex -0.855994 -4.34105 2.9
      vertex -0.220538 -2.23917 0
    endloop
  endfacet
  facet normal 0.117448 0.791683 0.599536
    outer loop
      vertex -0.855994 -4.34105 2.9
      vertex -0.438952 -2.20677 0
      vertex -0.863274 -4.33997 2.9
    endloop
  endfacet
  facet normal 0.537465 0.593031 0.599538
    outer loop
      vertex -2.81264 -3.41563 2.9
      vertex -1.42738 -1.73927 0
      vertex -1.59099 -1.59099 0
    endloop
  endfacet
  facet normal 0.537504 0.592996 0.599537
    outer loop
      vertex -1.42738 -1.73927 0
      vertex -2.81264 -3.41563 2.9
      vertex -2.80719 -3.42057 2.9
    endloop
  endfacet
  facet normal -0.592996 -0.537504 0.599537
    outer loop
      vertex 3.41563 2.81264 2.9
      vertex 1.73927 1.42738 0
      vertex 3.42057 2.80719 2.9
    endloop
  endfacet
  facet normal -0.593031 -0.537465 0.599538
    outer loop
      vertex 1.73927 1.42738 0
      vertex 3.41563 2.81264 2.9
      vertex 1.59099 1.59099 0
    endloop
  endfacet
  facet normal 0.593024 -0.537473 0.599538
    outer loop
      vertex -1.59099 1.59099 0
      vertex -3.12895 3.12895 2.9
      vertex -3.41563 2.81264 2.9
    endloop
  endfacet
  facet normal -0.194476 -0.77636 0.599536
    outer loop
      vertex 1.28451 4.23446 2.9
      vertex 0.870414 4.33819 2.9
      vertex 0.65314 2.15312 0
    endloop
  endfacet
  facet normal 0.0392757 -0.799383 0.599536
    outer loop
      vertex -0.220538 2.23917 0
      vertex 0 4.425 2.9
      vertex -0.433725 4.40369 2.9
    endloop
  endfacet
  facet normal 0.0392555 -0.799383 0.599538
    outer loop
      vertex 0 4.425 2.9
      vertex -0.220538 2.23917 0
      vertex 0 2.25 0
    endloop
  endfacet
  facet normal -0.411614 0.686385 0.599541
    outer loop
      vertex 1.25003 -1.87081 0
      vertex 2.45208 -3.68304 2.9
      vertex 2.4584 -3.67925 2.9
    endloop
  endfacet
  facet normal -0.411445 0.68649 0.599536
    outer loop
      vertex 2.45208 -3.68304 2.9
      vertex 1.25003 -1.87081 0
      vertex 1.06064 -1.98432 0
    endloop
  endfacet
  facet normal 0.799383 -0.0392757 0.599536
    outer loop
      vertex -4.425 0 2.9
      vertex -2.23917 0.220538 0
      vertex -4.40369 0.433725 2.9
    endloop
  endfacet
  facet normal 0.799383 -0.0392555 0.599538
    outer loop
      vertex -2.23917 0.220538 0
      vertex -4.425 0 2.9
      vertex -2.25 0 0
    endloop
  endfacet
  facet normal 0.791685 0.11744 0.599536
    outer loop
      vertex -4.34105 -0.855994 2.9
      vertex -2.23917 -0.220538 0
      vertex -4.40369 -0.433725 2.9
    endloop
  endfacet
  facet normal 0.476769 0.642842 0.599538
    outer loop
      vertex -2.46431 -3.67487 2.9
      vertex -1.42738 -1.73927 0
      vertex -2.80719 -3.42057 2.9
    endloop
  endfacet
  facet normal -0.0392555 -0.799383 0.599538
    outer loop
      vertex 0.220538 2.23917 0
      vertex 0 4.425 2.9
      vertex 0 2.25 0
    endloop
  endfacet
  facet normal -0.0392757 -0.799383 0.599536
    outer loop
      vertex 0 4.425 2.9
      vertex 0.220538 2.23917 0
      vertex 0.433725 4.40369 2.9
    endloop
  endfacet
  facet normal 0.686385 -0.411614 0.599541
    outer loop
      vertex -3.68304 2.45208 2.9
      vertex -1.87081 1.25003 0
      vertex -3.67925 2.4584 2.9
    endloop
  endfacet
  facet normal 0.68649 -0.411445 0.599536
    outer loop
      vertex -1.87081 1.25003 0
      vertex -3.68304 2.45208 2.9
      vertex -1.98432 1.06064 0
    endloop
  endfacet
  facet normal 0.686482 -0.411458 0.599538
    outer loop
      vertex -1.98432 1.06064 0
      vertex -3.68304 2.45208 2.9
      vertex -3.9025 2.08593 2.9
    endloop
  endfacet
  facet normal -0.411458 -0.686482 0.599538
    outer loop
      vertex 2.45208 3.68304 2.9
      vertex 2.08593 3.9025 2.9
      vertex 1.06064 1.98432 0
    endloop
  endfacet
  facet normal 0.193589 -0.776533 0.5996
    outer loop
      vertex -0.65314 2.15312 0
      vertex -0.863274 4.33997 2.9
      vertex -0.870414 4.33819 2.9
    endloop
  endfacet
  facet normal 0.194464 -0.776364 0.599536
    outer loop
      vertex -0.863274 4.33997 2.9
      vertex -0.65314 2.15312 0
      vertex -0.438952 2.20677 0
    endloop
  endfacet
  facet normal 0.342197 -0.723503 0.599538
    outer loop
      vertex -1.06064 1.98432 0
      vertex -1.69337 4.08817 2.9
      vertex -2.08593 3.9025 2.9
    endloop
  endfacet
  facet normal 0.342207 -0.723499 0.599537
    outer loop
      vertex -1.69337 4.08817 2.9
      vertex -1.06064 1.98432 0
      vertex -0.861037 2.07873 0
    endloop
  endfacet
  facet normal -0.537473 0.593024 0.599538
    outer loop
      vertex 2.81264 -3.41563 2.9
      vertex 3.12895 -3.12895 2.9
      vertex 1.59099 -1.59099 0
    endloop
  endfacet
  facet normal 0.11744 -0.791685 0.599536
    outer loop
      vertex -0.220538 2.23917 0
      vertex -0.433725 4.40369 2.9
      vertex -0.855994 4.34105 2.9
    endloop
  endfacet
  facet normal 0.723503 -0.342197 0.599538
    outer loop
      vertex -4.08817 1.69337 2.9
      vertex -1.98432 1.06064 0
      vertex -3.9025 2.08593 2.9
    endloop
  endfacet
  facet normal 0.723499 -0.342207 0.599537
    outer loop
      vertex -1.98432 1.06064 0
      vertex -4.08817 1.69337 2.9
      vertex -2.07873 0.861037 0
    endloop
  endfacet
  facet normal -0.537465 0.593031 0.599538
    outer loop
      vertex 1.42738 -1.73927 0
      vertex 2.81264 -3.41563 2.9
      vertex 1.59099 -1.59099 0
    endloop
  endfacet
  facet normal -0.537504 0.592996 0.599537
    outer loop
      vertex 2.81264 -3.41563 2.9
      vertex 1.42738 -1.73927 0
      vertex 2.80719 -3.42057 2.9
    endloop
  endfacet
  facet normal -0.269669 0.75355 0.599534
    outer loop
      vertex 0.861037 -2.07873 0
      vertex 1.28451 -4.23446 2.9
      vertex 1.29144 -4.23198 2.9
    endloop
  endfacet
  facet normal -0.26964 0.753559 0.599536
    outer loop
      vertex 1.28451 -4.23446 2.9
      vertex 0.861037 -2.07873 0
      vertex 0.65314 -2.15312 0
    endloop
  endfacet
  facet normal 0.642831 0.476786 0.599536
    outer loop
      vertex -3.67925 -2.4584 2.9
      vertex -1.73927 -1.42738 0
      vertex -1.87081 -1.25003 0
    endloop
  endfacet
  facet normal 0.642996 0.476535 0.599558
    outer loop
      vertex -1.73927 -1.42738 0
      vertex -3.67925 -2.4584 2.9
      vertex -3.67487 -2.46431 2.9
    endloop
  endfacet
  facet normal 0.593031 0.537465 0.599538
    outer loop
      vertex -1.73927 -1.42738 0
      vertex -3.41563 -2.81264 2.9
      vertex -1.59099 -1.59099 0
    endloop
  endfacet
  facet normal 0.592996 0.537504 0.599537
    outer loop
      vertex -3.41563 -2.81264 2.9
      vertex -1.73927 -1.42738 0
      vertex -3.42057 -2.80719 2.9
    endloop
  endfacet
  facet normal -0.723499 0.342207 0.599537
    outer loop
      vertex 1.98432 -1.06064 0
      vertex 4.08817 -1.69337 2.9
      vertex 2.07873 -0.861037 0
    endloop
  endfacet
  facet normal -0.723503 0.342197 0.599538
    outer loop
      vertex 4.08817 -1.69337 2.9
      vertex 1.98432 -1.06064 0
      vertex 3.9025 -2.08593 2.9
    endloop
  endfacet
  facet normal -0.77636 -0.194476 0.599536
    outer loop
      vertex 4.33819 0.870414 2.9
      vertex 4.23446 1.28451 2.9
      vertex 2.15312 0.65314 0
    endloop
  endfacet
  facet normal 0.686482 0.411458 0.599538
    outer loop
      vertex -3.68304 -2.45208 2.9
      vertex -1.98432 -1.06064 0
      vertex -3.9025 -2.08593 2.9
    endloop
  endfacet
  facet normal 0.642996 -0.476535 0.599558
    outer loop
      vertex -3.67925 2.4584 2.9
      vertex -1.73927 1.42738 0
      vertex -3.67487 2.46431 2.9
    endloop
  endfacet
  facet normal 0.642831 -0.476786 0.599536
    outer loop
      vertex -1.73927 1.42738 0
      vertex -3.67925 2.4584 2.9
      vertex -1.87081 1.25003 0
    endloop
  endfacet
  facet normal 0.642842 -0.476769 0.599538
    outer loop
      vertex -1.73927 1.42738 0
      vertex -3.42057 2.80719 2.9
      vertex -3.67487 2.46431 2.9
    endloop
  endfacet
  facet normal 0.537473 0.593024 0.599538
    outer loop
      vertex -2.81264 -3.41563 2.9
      vertex -1.59099 -1.59099 0
      vertex -3.12895 -3.12895 2.9
    endloop
  endfacet
  facet normal 0.0392555 0.799383 0.599538
    outer loop
      vertex -0.220538 -2.23917 0
      vertex 0 -4.425 2.9
      vertex 0 -2.25 0
    endloop
  endfacet
  facet normal 0.0392757 0.799383 0.599536
    outer loop
      vertex 0 -4.425 2.9
      vertex -0.220538 -2.23917 0
      vertex -0.433725 -4.40369 2.9
    endloop
  endfacet
  facet normal 0.26964 0.753559 0.599536
    outer loop
      vertex -0.861037 -2.07873 0
      vertex -1.28451 -4.23446 2.9
      vertex -0.65314 -2.15312 0
    endloop
  endfacet
  facet normal 0.269669 0.75355 0.599534
    outer loop
      vertex -1.28451 -4.23446 2.9
      vertex -0.861037 -2.07873 0
      vertex -1.29144 -4.23198 2.9
    endloop
  endfacet
  facet normal 0.593031 -0.537465 0.599538
    outer loop
      vertex -3.41563 2.81264 2.9
      vertex -1.73927 1.42738 0
      vertex -1.59099 1.59099 0
    endloop
  endfacet
  facet normal 0.592996 -0.537504 0.599537
    outer loop
      vertex -1.73927 1.42738 0
      vertex -3.41563 2.81264 2.9
      vertex -3.42057 2.80719 2.9
    endloop
  endfacet
  facet normal -0.342207 -0.723499 0.599537
    outer loop
      vertex 1.06064 1.98432 0
      vertex 1.69337 4.08817 2.9
      vertex 0.861037 2.07873 0
    endloop
  endfacet
  facet normal -0.342197 -0.723503 0.599538
    outer loop
      vertex 1.69337 4.08817 2.9
      vertex 1.06064 1.98432 0
      vertex 2.08593 3.9025 2.9
    endloop
  endfacet
  facet normal 0.411445 0.68649 0.599536
    outer loop
      vertex -1.25003 -1.87081 0
      vertex -2.45208 -3.68304 2.9
      vertex -1.06064 -1.98432 0
    endloop
  endfacet
  facet normal 0.411614 0.686385 0.599541
    outer loop
      vertex -2.45208 -3.68304 2.9
      vertex -1.25003 -1.87081 0
      vertex -2.4584 -3.67925 2.9
    endloop
  endfacet
  facet normal 0.77636 0.194476 0.599536
    outer loop
      vertex -4.23446 -1.28451 2.9
      vertex -2.15312 -0.65314 0
      vertex -4.33819 -0.870414 2.9
    endloop
  endfacet
  facet normal 0.776364 0.194464 0.599536
    outer loop
      vertex -4.33997 -0.863274 2.9
      vertex -2.15312 -0.65314 0
      vertex -2.20677 -0.438952 0
    endloop
  endfacet
  facet normal 0.776533 0.193589 0.5996
    outer loop
      vertex -2.15312 -0.65314 0
      vertex -4.33997 -0.863274 2.9
      vertex -4.33819 -0.870414 2.9
    endloop
  endfacet
  facet normal -0.342197 0.723503 0.599538
    outer loop
      vertex 1.06064 -1.98432 0
      vertex 1.69337 -4.08817 2.9
      vertex 2.08593 -3.9025 2.9
    endloop
  endfacet
  facet normal -0.342207 0.723499 0.599537
    outer loop
      vertex 1.69337 -4.08817 2.9
      vertex 1.06064 -1.98432 0
      vertex 0.861037 -2.07873 0
    endloop
  endfacet
  facet normal 0.791685 0.11744 0.599536
    outer loop
      vertex -4.34105 -0.855994 2.9
      vertex -2.20677 -0.438952 0
      vertex -2.23917 -0.220538 0
    endloop
  endfacet
  facet normal 0.791683 0.117448 0.599536
    outer loop
      vertex -2.20677 -0.438952 0
      vertex -4.34105 -0.855994 2.9
      vertex -4.33997 -0.863274 2.9
    endloop
  endfacet
  facet normal 0.194476 0.77636 0.599536
    outer loop
      vertex -0.870414 -4.33819 2.9
      vertex -0.65314 -2.15312 0
      vertex -1.28451 -4.23446 2.9
    endloop
  endfacet
  facet normal 0.117448 -0.791683 0.599536
    outer loop
      vertex -0.438952 2.20677 0
      vertex -0.855994 4.34105 2.9
      vertex -0.863274 4.33997 2.9
    endloop
  endfacet
  facet normal 0.11744 -0.791685 0.599536
    outer loop
      vertex -0.855994 4.34105 2.9
      vertex -0.438952 2.20677 0
      vertex -0.220538 2.23917 0
    endloop
  endfacet
  facet normal -0.476786 -0.642831 0.599536
    outer loop
      vertex 1.42738 1.73927 0
      vertex 2.4584 3.67925 2.9
      vertex 1.25003 1.87081 0
    endloop
  endfacet
  facet normal -0.476535 -0.642996 0.599558
    outer loop
      vertex 2.4584 3.67925 2.9
      vertex 1.42738 1.73927 0
      vertex 2.46431 3.67487 2.9
    endloop
  endfacet
  facet normal 0.411458 0.686482 0.599538
    outer loop
      vertex -2.08593 -3.9025 2.9
      vertex -1.06064 -1.98432 0
      vertex -2.45208 -3.68304 2.9
    endloop
  endfacet
  facet normal -0.776533 -0.193589 0.5996
    outer loop
      vertex 2.15312 0.65314 0
      vertex 4.33997 0.863274 2.9
      vertex 4.33819 0.870414 2.9
    endloop
  endfacet
  facet normal -0.776364 -0.194464 0.599536
    outer loop
      vertex 4.33997 0.863274 2.9
      vertex 2.15312 0.65314 0
      vertex 2.20677 0.438952 0
    endloop
  endfacet
  facet normal -0.791683 -0.117448 0.599536
    outer loop
      vertex 2.20677 0.438952 0
      vertex 4.34105 0.855994 2.9
      vertex 4.33997 0.863274 2.9
    endloop
  endfacet
  facet normal -0.791685 -0.11744 0.599536
    outer loop
      vertex 4.34105 0.855994 2.9
      vertex 2.20677 0.438952 0
      vertex 2.23917 0.220538 0
    endloop
  endfacet
  facet normal -0.989176 -0.146736 0
    outer loop
      vertex 2.23917 0.220538 -2.6
      vertex 2.20677 0.438952 0
      vertex 2.20677 0.438952 -2.6
    endloop
  endfacet
  facet normal -0.989176 -0.146736 0
    outer loop
      vertex 2.20677 0.438952 0
      vertex 2.23917 0.220538 -2.6
      vertex 2.23917 0.220538 0
    endloop
  endfacet
  facet normal -0.998796 -0.0490481 0
    outer loop
      vertex 2.25 0 -2.6
      vertex 2.23917 0.220538 0
      vertex 2.23917 0.220538 -2.6
    endloop
  endfacet
  facet normal -0.998796 -0.0490481 0
    outer loop
      vertex 2.23917 0.220538 0
      vertex 2.25 0 -2.6
      vertex 2.25 0 0
    endloop
  endfacet
  facet normal -0.970033 -0.242975 0
    outer loop
      vertex 2.20677 0.438952 -2.6
      vertex 2.15312 0.65314 0
      vertex 2.15312 0.65314 -2.6
    endloop
  endfacet
  facet normal -0.970033 -0.242975 0
    outer loop
      vertex 2.15312 0.65314 0
      vertex 2.20677 0.438952 -2.6
      vertex 2.20677 0.438952 0
    endloop
  endfacet
  facet normal -0.336903 0.941539 0
    outer loop
      vertex 0.861037 -2.07873 -2.6
      vertex 0.65314 -2.15312 0
      vertex 0.861037 -2.07873 0
    endloop
  endfacet
  facet normal -0.336903 0.941539 0
    outer loop
      vertex 0.65314 -2.15312 0
      vertex 0.861037 -2.07873 -2.6
      vertex 0.65314 -2.15312 -2.6
    endloop
  endfacet
  facet normal -0.67154 -0.740968 0
    outer loop
      vertex 1.42738 1.73927 -2.6
      vertex 1.59099 1.59099 0
      vertex 1.42738 1.73927 0
    endloop
  endfacet
  facet normal -0.67154 -0.740968 -0
    outer loop
      vertex 1.59099 1.59099 0
      vertex 1.42738 1.73927 -2.6
      vertex 1.59099 1.59099 -2.6
    endloop
  endfacet
  facet normal 0.857741 -0.514083 0
    outer loop
      vertex -1.98432 1.06064 0
      vertex -1.87081 1.25003 -2.6
      vertex -1.87081 1.25003 0
    endloop
  endfacet
  facet normal 0.857741 -0.514083 0
    outer loop
      vertex -1.87081 1.25003 -2.6
      vertex -1.98432 1.06064 0
      vertex -1.98432 1.06064 -2.6
    endloop
  endfacet
  facet normal 0.146736 0.989176 -0
    outer loop
      vertex -0.220538 -2.23917 -2.6
      vertex -0.438952 -2.20677 0
      vertex -0.220538 -2.23917 0
    endloop
  endfacet
  facet normal 0.146736 0.989176 0
    outer loop
      vertex -0.438952 -2.20677 0
      vertex -0.220538 -2.23917 -2.6
      vertex -0.438952 -2.20677 -2.6
    endloop
  endfacet
  facet normal -0.941539 -0.336903 0
    outer loop
      vertex 2.15312 0.65314 -2.6
      vertex 2.07873 0.861037 0
      vertex 2.07873 0.861037 -2.6
    endloop
  endfacet
  facet normal -0.941539 -0.336903 0
    outer loop
      vertex 2.07873 0.861037 0
      vertex 2.15312 0.65314 -2.6
      vertex 2.15312 0.65314 0
    endloop
  endfacet
  facet normal 0.0490481 -0.998796 0
    outer loop
      vertex -0.220538 2.23917 -2.6
      vertex 0 2.25 0
      vertex -0.220538 2.23917 0
    endloop
  endfacet
  facet normal 0.0490481 -0.998796 0
    outer loop
      vertex 0 2.25 0
      vertex -0.220538 2.23917 -2.6
      vertex 0 2.25 -2.6
    endloop
  endfacet
  facet normal -0.0490481 0.998796 0
    outer loop
      vertex 0.220538 -2.23917 -2.6
      vertex 0 -2.25 0
      vertex 0.220538 -2.23917 0
    endloop
  endfacet
  facet normal -0.0490481 0.998796 0
    outer loop
      vertex 0 -2.25 0
      vertex 0.220538 -2.23917 -2.6
      vertex 0 -2.25 -2.6
    endloop
  endfacet
  facet normal 0.903981 0.427573 0
    outer loop
      vertex -1.98432 -1.06064 0
      vertex -2.07873 -0.861037 -2.6
      vertex -2.07873 -0.861037 0
    endloop
  endfacet
  facet normal 0.903981 0.427573 0
    outer loop
      vertex -2.07873 -0.861037 -2.6
      vertex -1.98432 -1.06064 0
      vertex -1.98432 -1.06064 -2.6
    endloop
  endfacet
  facet normal 0.595723 0.80319 -0
    outer loop
      vertex -1.25003 -1.87081 -2.6
      vertex -1.42738 -1.73927 0
      vertex -1.25003 -1.87081 0
    endloop
  endfacet
  facet normal 0.595723 0.80319 0
    outer loop
      vertex -1.42738 -1.73927 0
      vertex -1.25003 -1.87081 -2.6
      vertex -1.42738 -1.73927 -2.6
    endloop
  endfacet
  facet normal 0.80319 -0.595723 0
    outer loop
      vertex -1.87081 1.25003 0
      vertex -1.73927 1.42738 -2.6
      vertex -1.73927 1.42738 0
    endloop
  endfacet
  facet normal 0.80319 -0.595723 0
    outer loop
      vertex -1.73927 1.42738 -2.6
      vertex -1.87081 1.25003 0
      vertex -1.87081 1.25003 -2.6
    endloop
  endfacet
  facet normal -0.970033 0.242975 0
    outer loop
      vertex 2.15312 -0.65314 -2.6
      vertex 2.20677 -0.438952 0
      vertex 2.20677 -0.438952 -2.6
    endloop
  endfacet
  facet normal -0.970033 0.242975 0
    outer loop
      vertex 2.20677 -0.438952 0
      vertex 2.15312 -0.65314 -2.6
      vertex 2.15312 -0.65314 0
    endloop
  endfacet
  facet normal -0.857741 -0.514083 0
    outer loop
      vertex 1.98432 1.06064 -2.6
      vertex 1.87081 1.25003 0
      vertex 1.87081 1.25003 -2.6
    endloop
  endfacet
  facet normal -0.857741 -0.514083 0
    outer loop
      vertex 1.87081 1.25003 0
      vertex 1.98432 1.06064 -2.6
      vertex 1.98432 1.06064 0
    endloop
  endfacet
  facet normal 0.998796 0.0490481 0
    outer loop
      vertex -2.23917 -0.220538 0
      vertex -2.25 0 -2.6
      vertex -2.25 0 0
    endloop
  endfacet
  facet normal 0.998796 0.0490481 0
    outer loop
      vertex -2.25 0 -2.6
      vertex -2.23917 -0.220538 0
      vertex -2.23917 -0.220538 -2.6
    endloop
  endfacet
  facet normal -0.903981 -0.427573 0
    outer loop
      vertex 2.07873 0.861037 -2.6
      vertex 1.98432 1.06064 0
      vertex 1.98432 1.06064 -2.6
    endloop
  endfacet
  facet normal -0.903981 -0.427573 0
    outer loop
      vertex 1.98432 1.06064 0
      vertex 2.07873 0.861037 -2.6
      vertex 2.07873 0.861037 0
    endloop
  endfacet
  facet normal -0.941539 0.336903 0
    outer loop
      vertex 2.07873 -0.861037 -2.6
      vertex 2.15312 -0.65314 0
      vertex 2.15312 -0.65314 -2.6
    endloop
  endfacet
  facet normal -0.941539 0.336903 0
    outer loop
      vertex 2.15312 -0.65314 0
      vertex 2.07873 -0.861037 -2.6
      vertex 2.07873 -0.861037 0
    endloop
  endfacet
  facet normal 0.427573 0.903981 -0
    outer loop
      vertex -0.861037 -2.07873 -2.6
      vertex -1.06064 -1.98432 0
      vertex -0.861037 -2.07873 0
    endloop
  endfacet
  facet normal 0.427573 0.903981 0
    outer loop
      vertex -1.06064 -1.98432 0
      vertex -0.861037 -2.07873 -2.6
      vertex -1.06064 -1.98432 -2.6
    endloop
  endfacet
  facet normal 0.970033 0.242975 0
    outer loop
      vertex -2.15312 -0.65314 0
      vertex -2.20677 -0.438952 -2.6
      vertex -2.20677 -0.438952 0
    endloop
  endfacet
  facet normal 0.970033 0.242975 0
    outer loop
      vertex -2.20677 -0.438952 -2.6
      vertex -2.15312 -0.65314 0
      vertex -2.15312 -0.65314 -2.6
    endloop
  endfacet
  facet normal 0.740968 -0.67154 0
    outer loop
      vertex -1.73927 1.42738 0
      vertex -1.59099 1.59099 -2.6
      vertex -1.59099 1.59099 0
    endloop
  endfacet
  facet normal 0.740968 -0.67154 0
    outer loop
      vertex -1.59099 1.59099 -2.6
      vertex -1.73927 1.42738 0
      vertex -1.73927 1.42738 -2.6
    endloop
  endfacet
  facet normal 0.242975 0.970033 -0
    outer loop
      vertex -0.438952 -2.20677 -2.6
      vertex -0.65314 -2.15312 0
      vertex -0.438952 -2.20677 0
    endloop
  endfacet
  facet normal 0.242975 0.970033 0
    outer loop
      vertex -0.65314 -2.15312 0
      vertex -0.438952 -2.20677 -2.6
      vertex -0.65314 -2.15312 -2.6
    endloop
  endfacet
  facet normal 0.514083 -0.857741 0
    outer loop
      vertex -1.25003 1.87081 -2.6
      vertex -1.06064 1.98432 0
      vertex -1.25003 1.87081 0
    endloop
  endfacet
  facet normal 0.514083 -0.857741 0
    outer loop
      vertex -1.06064 1.98432 0
      vertex -1.25003 1.87081 -2.6
      vertex -1.06064 1.98432 -2.6
    endloop
  endfacet
  facet normal -0.80319 -0.595723 0
    outer loop
      vertex 1.87081 1.25003 -2.6
      vertex 1.73927 1.42738 0
      vertex 1.73927 1.42738 -2.6
    endloop
  endfacet
  facet normal -0.80319 -0.595723 0
    outer loop
      vertex 1.73927 1.42738 0
      vertex 1.87081 1.25003 -2.6
      vertex 1.87081 1.25003 0
    endloop
  endfacet
  facet normal 0.146736 -0.989176 0
    outer loop
      vertex -0.438952 2.20677 -2.6
      vertex -0.220538 2.23917 0
      vertex -0.438952 2.20677 0
    endloop
  endfacet
  facet normal 0.146736 -0.989176 0
    outer loop
      vertex -0.220538 2.23917 0
      vertex -0.438952 2.20677 -2.6
      vertex -0.220538 2.23917 -2.6
    endloop
  endfacet
  facet normal -0.427573 0.903981 0
    outer loop
      vertex 1.06064 -1.98432 -2.6
      vertex 0.861037 -2.07873 0
      vertex 1.06064 -1.98432 0
    endloop
  endfacet
  facet normal -0.427573 0.903981 0
    outer loop
      vertex 0.861037 -2.07873 0
      vertex 1.06064 -1.98432 -2.6
      vertex 0.861037 -2.07873 -2.6
    endloop
  endfacet
  facet normal 0.67154 -0.740968 0
    outer loop
      vertex -1.59099 1.59099 -2.6
      vertex -1.42738 1.73927 0
      vertex -1.59099 1.59099 0
    endloop
  endfacet
  facet normal 0.67154 -0.740968 0
    outer loop
      vertex -1.42738 1.73927 0
      vertex -1.59099 1.59099 -2.6
      vertex -1.42738 1.73927 -2.6
    endloop
  endfacet
  facet normal -0.857741 0.514083 0
    outer loop
      vertex 1.87081 -1.25003 -2.6
      vertex 1.98432 -1.06064 0
      vertex 1.98432 -1.06064 -2.6
    endloop
  endfacet
  facet normal -0.857741 0.514083 0
    outer loop
      vertex 1.98432 -1.06064 0
      vertex 1.87081 -1.25003 -2.6
      vertex 1.87081 -1.25003 0
    endloop
  endfacet
  facet normal 0.595723 -0.80319 0
    outer loop
      vertex -1.42738 1.73927 -2.6
      vertex -1.25003 1.87081 0
      vertex -1.42738 1.73927 0
    endloop
  endfacet
  facet normal 0.595723 -0.80319 0
    outer loop
      vertex -1.25003 1.87081 0
      vertex -1.42738 1.73927 -2.6
      vertex -1.25003 1.87081 -2.6
    endloop
  endfacet
  facet normal -0.336903 -0.941539 0
    outer loop
      vertex 0.65314 2.15312 -2.6
      vertex 0.861037 2.07873 0
      vertex 0.65314 2.15312 0
    endloop
  endfacet
  facet normal -0.336903 -0.941539 -0
    outer loop
      vertex 0.861037 2.07873 0
      vertex 0.65314 2.15312 -2.6
      vertex 0.861037 2.07873 -2.6
    endloop
  endfacet
  facet normal -0.740968 -0.67154 0
    outer loop
      vertex 1.73927 1.42738 -2.6
      vertex 1.59099 1.59099 0
      vertex 1.59099 1.59099 -2.6
    endloop
  endfacet
  facet normal -0.740968 -0.67154 0
    outer loop
      vertex 1.59099 1.59099 0
      vertex 1.73927 1.42738 -2.6
      vertex 1.73927 1.42738 0
    endloop
  endfacet
  facet normal -0.998796 0.0490481 0
    outer loop
      vertex 2.23917 -0.220538 -2.6
      vertex 2.25 0 0
      vertex 2.25 0 -2.6
    endloop
  endfacet
  facet normal -0.998796 0.0490481 0
    outer loop
      vertex 2.25 0 0
      vertex 2.23917 -0.220538 -2.6
      vertex 2.23917 -0.220538 0
    endloop
  endfacet
  facet normal 0.941539 0.336903 0
    outer loop
      vertex -2.07873 -0.861037 0
      vertex -2.15312 -0.65314 -2.6
      vertex -2.15312 -0.65314 0
    endloop
  endfacet
  facet normal 0.941539 0.336903 0
    outer loop
      vertex -2.15312 -0.65314 -2.6
      vertex -2.07873 -0.861037 0
      vertex -2.07873 -0.861037 -2.6
    endloop
  endfacet
  facet normal -0.514083 -0.857741 0
    outer loop
      vertex 1.06064 1.98432 -2.6
      vertex 1.25003 1.87081 0
      vertex 1.06064 1.98432 0
    endloop
  endfacet
  facet normal -0.514083 -0.857741 -0
    outer loop
      vertex 1.25003 1.87081 0
      vertex 1.06064 1.98432 -2.6
      vertex 1.25003 1.87081 -2.6
    endloop
  endfacet
  facet normal -0.595723 -0.80319 0
    outer loop
      vertex 1.25003 1.87081 -2.6
      vertex 1.42738 1.73927 0
      vertex 1.25003 1.87081 0
    endloop
  endfacet
  facet normal -0.595723 -0.80319 -0
    outer loop
      vertex 1.42738 1.73927 0
      vertex 1.25003 1.87081 -2.6
      vertex 1.42738 1.73927 -2.6
    endloop
  endfacet
  facet normal -0.146736 0.989176 0
    outer loop
      vertex 0.438952 -2.20677 -2.6
      vertex 0.220538 -2.23917 0
      vertex 0.438952 -2.20677 0
    endloop
  endfacet
  facet normal -0.146736 0.989176 0
    outer loop
      vertex 0.220538 -2.23917 0
      vertex 0.438952 -2.20677 -2.6
      vertex 0.220538 -2.23917 -2.6
    endloop
  endfacet
  facet normal -0.740968 0.67154 0
    outer loop
      vertex 1.59099 -1.59099 -2.6
      vertex 1.73927 -1.42738 0
      vertex 1.73927 -1.42738 -2.6
    endloop
  endfacet
  facet normal -0.740968 0.67154 0
    outer loop
      vertex 1.73927 -1.42738 0
      vertex 1.59099 -1.59099 -2.6
      vertex 1.59099 -1.59099 0
    endloop
  endfacet
  facet normal -0.80319 0.595723 0
    outer loop
      vertex 1.73927 -1.42738 -2.6
      vertex 1.87081 -1.25003 0
      vertex 1.87081 -1.25003 -2.6
    endloop
  endfacet
  facet normal -0.80319 0.595723 0
    outer loop
      vertex 1.87081 -1.25003 0
      vertex 1.73927 -1.42738 -2.6
      vertex 1.73927 -1.42738 0
    endloop
  endfacet
  facet normal -0.242975 0.970033 0
    outer loop
      vertex 0.65314 -2.15312 -2.6
      vertex 0.438952 -2.20677 0
      vertex 0.65314 -2.15312 0
    endloop
  endfacet
  facet normal -0.242975 0.970033 0
    outer loop
      vertex 0.438952 -2.20677 0
      vertex 0.65314 -2.15312 -2.6
      vertex 0.438952 -2.20677 -2.6
    endloop
  endfacet
  facet normal -0.903981 0.427573 0
    outer loop
      vertex 1.98432 -1.06064 -2.6
      vertex 2.07873 -0.861037 0
      vertex 2.07873 -0.861037 -2.6
    endloop
  endfacet
  facet normal -0.903981 0.427573 0
    outer loop
      vertex 2.07873 -0.861037 0
      vertex 1.98432 -1.06064 -2.6
      vertex 1.98432 -1.06064 0
    endloop
  endfacet
  facet normal 0.242975 -0.970033 0
    outer loop
      vertex -0.65314 2.15312 -2.6
      vertex -0.438952 2.20677 0
      vertex -0.65314 2.15312 0
    endloop
  endfacet
  facet normal 0.242975 -0.970033 0
    outer loop
      vertex -0.438952 2.20677 0
      vertex -0.65314 2.15312 -2.6
      vertex -0.438952 2.20677 -2.6
    endloop
  endfacet
  facet normal 0.941539 -0.336903 0
    outer loop
      vertex -2.15312 0.65314 0
      vertex -2.07873 0.861037 -2.6
      vertex -2.07873 0.861037 0
    endloop
  endfacet
  facet normal 0.941539 -0.336903 0
    outer loop
      vertex -2.07873 0.861037 -2.6
      vertex -2.15312 0.65314 0
      vertex -2.15312 0.65314 -2.6
    endloop
  endfacet
  facet normal 0.427573 -0.903981 0
    outer loop
      vertex -1.06064 1.98432 -2.6
      vertex -0.861037 2.07873 0
      vertex -1.06064 1.98432 0
    endloop
  endfacet
  facet normal 0.427573 -0.903981 0
    outer loop
      vertex -0.861037 2.07873 0
      vertex -1.06064 1.98432 -2.6
      vertex -0.861037 2.07873 -2.6
    endloop
  endfacet
  facet normal 0.989176 -0.146736 0
    outer loop
      vertex -2.23917 0.220538 0
      vertex -2.20677 0.438952 -2.6
      vertex -2.20677 0.438952 0
    endloop
  endfacet
  facet normal 0.989176 -0.146736 0
    outer loop
      vertex -2.20677 0.438952 -2.6
      vertex -2.23917 0.220538 0
      vertex -2.23917 0.220538 -2.6
    endloop
  endfacet
  facet normal 0.970033 -0.242975 0
    outer loop
      vertex -2.20677 0.438952 0
      vertex -2.15312 0.65314 -2.6
      vertex -2.15312 0.65314 0
    endloop
  endfacet
  facet normal 0.970033 -0.242975 0
    outer loop
      vertex -2.15312 0.65314 -2.6
      vertex -2.20677 0.438952 0
      vertex -2.20677 0.438952 -2.6
    endloop
  endfacet
  facet normal -0.427573 -0.903981 0
    outer loop
      vertex 0.861037 2.07873 -2.6
      vertex 1.06064 1.98432 0
      vertex 0.861037 2.07873 0
    endloop
  endfacet
  facet normal -0.427573 -0.903981 -0
    outer loop
      vertex 1.06064 1.98432 0
      vertex 0.861037 2.07873 -2.6
      vertex 1.06064 1.98432 -2.6
    endloop
  endfacet
  facet normal -0.989176 0.146736 0
    outer loop
      vertex 2.20677 -0.438952 -2.6
      vertex 2.23917 -0.220538 0
      vertex 2.23917 -0.220538 -2.6
    endloop
  endfacet
  facet normal -0.989176 0.146736 0
    outer loop
      vertex 2.23917 -0.220538 0
      vertex 2.20677 -0.438952 -2.6
      vertex 2.20677 -0.438952 0
    endloop
  endfacet
  facet normal -0.146736 -0.989176 0
    outer loop
      vertex 0.220538 2.23917 -2.6
      vertex 0.438952 2.20677 0
      vertex 0.220538 2.23917 0
    endloop
  endfacet
  facet normal -0.146736 -0.989176 -0
    outer loop
      vertex 0.438952 2.20677 0
      vertex 0.220538 2.23917 -2.6
      vertex 0.438952 2.20677 -2.6
    endloop
  endfacet
  facet normal -0.0490481 -0.998796 0
    outer loop
      vertex 0 2.25 -2.6
      vertex 0.220538 2.23917 0
      vertex 0 2.25 0
    endloop
  endfacet
  facet normal -0.0490481 -0.998796 -0
    outer loop
      vertex 0.220538 2.23917 0
      vertex 0 2.25 -2.6
      vertex 0.220538 2.23917 -2.6
    endloop
  endfacet
  facet normal 0.740968 0.67154 0
    outer loop
      vertex -1.59099 -1.59099 0
      vertex -1.73927 -1.42738 -2.6
      vertex -1.73927 -1.42738 0
    endloop
  endfacet
  facet normal 0.740968 0.67154 0
    outer loop
      vertex -1.73927 -1.42738 -2.6
      vertex -1.59099 -1.59099 0
      vertex -1.59099 -1.59099 -2.6
    endloop
  endfacet
  facet normal 0.857741 0.514083 0
    outer loop
      vertex -1.87081 -1.25003 0
      vertex -1.98432 -1.06064 -2.6
      vertex -1.98432 -1.06064 0
    endloop
  endfacet
  facet normal 0.857741 0.514083 0
    outer loop
      vertex -1.98432 -1.06064 -2.6
      vertex -1.87081 -1.25003 0
      vertex -1.87081 -1.25003 -2.6
    endloop
  endfacet
  facet normal 0.336903 -0.941539 0
    outer loop
      vertex -0.861037 2.07873 -2.6
      vertex -0.65314 2.15312 0
      vertex -0.861037 2.07873 0
    endloop
  endfacet
  facet normal 0.336903 -0.941539 0
    outer loop
      vertex -0.65314 2.15312 0
      vertex -0.861037 2.07873 -2.6
      vertex -0.65314 2.15312 -2.6
    endloop
  endfacet
  facet normal 0.514083 0.857741 -0
    outer loop
      vertex -1.06064 -1.98432 -2.6
      vertex -1.25003 -1.87081 0
      vertex -1.06064 -1.98432 0
    endloop
  endfacet
  facet normal 0.514083 0.857741 0
    outer loop
      vertex -1.25003 -1.87081 0
      vertex -1.06064 -1.98432 -2.6
      vertex -1.25003 -1.87081 -2.6
    endloop
  endfacet
  facet normal -0.595723 0.80319 0
    outer loop
      vertex 1.42738 -1.73927 -2.6
      vertex 1.25003 -1.87081 0
      vertex 1.42738 -1.73927 0
    endloop
  endfacet
  facet normal -0.595723 0.80319 0
    outer loop
      vertex 1.25003 -1.87081 0
      vertex 1.42738 -1.73927 -2.6
      vertex 1.25003 -1.87081 -2.6
    endloop
  endfacet
  facet normal 0.336903 0.941539 -0
    outer loop
      vertex -0.65314 -2.15312 -2.6
      vertex -0.861037 -2.07873 0
      vertex -0.65314 -2.15312 0
    endloop
  endfacet
  facet normal 0.336903 0.941539 0
    outer loop
      vertex -0.861037 -2.07873 0
      vertex -0.65314 -2.15312 -2.6
      vertex -0.861037 -2.07873 -2.6
    endloop
  endfacet
  facet normal 0.80319 0.595723 0
    outer loop
      vertex -1.73927 -1.42738 0
      vertex -1.87081 -1.25003 -2.6
      vertex -1.87081 -1.25003 0
    endloop
  endfacet
  facet normal 0.80319 0.595723 0
    outer loop
      vertex -1.87081 -1.25003 -2.6
      vertex -1.73927 -1.42738 0
      vertex -1.73927 -1.42738 -2.6
    endloop
  endfacet
  facet normal 0.903981 -0.427573 0
    outer loop
      vertex -2.07873 0.861037 0
      vertex -1.98432 1.06064 -2.6
      vertex -1.98432 1.06064 0
    endloop
  endfacet
  facet normal 0.903981 -0.427573 0
    outer loop
      vertex -1.98432 1.06064 -2.6
      vertex -2.07873 0.861037 0
      vertex -2.07873 0.861037 -2.6
    endloop
  endfacet
  facet normal 0.989176 0.146736 0
    outer loop
      vertex -2.20677 -0.438952 0
      vertex -2.23917 -0.220538 -2.6
      vertex -2.23917 -0.220538 0
    endloop
  endfacet
  facet normal 0.989176 0.146736 0
    outer loop
      vertex -2.23917 -0.220538 -2.6
      vertex -2.20677 -0.438952 0
      vertex -2.20677 -0.438952 -2.6
    endloop
  endfacet
  facet normal -0.242975 -0.970033 0
    outer loop
      vertex 0.438952 2.20677 -2.6
      vertex 0.65314 2.15312 0
      vertex 0.438952 2.20677 0
    endloop
  endfacet
  facet normal -0.242975 -0.970033 -0
    outer loop
      vertex 0.65314 2.15312 0
      vertex 0.438952 2.20677 -2.6
      vertex 0.65314 2.15312 -2.6
    endloop
  endfacet
  facet normal -0.514083 0.857741 0
    outer loop
      vertex 1.25003 -1.87081 -2.6
      vertex 1.06064 -1.98432 0
      vertex 1.25003 -1.87081 0
    endloop
  endfacet
  facet normal -0.514083 0.857741 0
    outer loop
      vertex 1.06064 -1.98432 0
      vertex 1.25003 -1.87081 -2.6
      vertex 1.06064 -1.98432 -2.6
    endloop
  endfacet
  facet normal 0.67154 0.740968 -0
    outer loop
      vertex -1.42738 -1.73927 -2.6
      vertex -1.59099 -1.59099 0
      vertex -1.42738 -1.73927 0
    endloop
  endfacet
  facet normal 0.67154 0.740968 0
    outer loop
      vertex -1.59099 -1.59099 0
      vertex -1.42738 -1.73927 -2.6
      vertex -1.59099 -1.59099 -2.6
    endloop
  endfacet
  facet normal 0.0490481 0.998796 -0
    outer loop
      vertex 0 -2.25 -2.6
      vertex -0.220538 -2.23917 0
      vertex 0 -2.25 0
    endloop
  endfacet
  facet normal 0.0490481 0.998796 0
    outer loop
      vertex -0.220538 -2.23917 0
      vertex 0 -2.25 -2.6
      vertex -0.220538 -2.23917 -2.6
    endloop
  endfacet
  facet normal 0.998796 -0.0490481 0
    outer loop
      vertex -2.25 0 0
      vertex -2.23917 0.220538 -2.6
      vertex -2.23917 0.220538 0
    endloop
  endfacet
  facet normal 0.998796 -0.0490481 0
    outer loop
      vertex -2.23917 0.220538 -2.6
      vertex -2.25 0 0
      vertex -2.25 0 -2.6
    endloop
  endfacet
  facet normal -0.67154 0.740968 0
    outer loop
      vertex 1.59099 -1.59099 -2.6
      vertex 1.42738 -1.73927 0
      vertex 1.59099 -1.59099 0
    endloop
  endfacet
  facet normal -0.67154 0.740968 0
    outer loop
      vertex 1.42738 -1.73927 0
      vertex 1.59099 -1.59099 -2.6
      vertex 1.42738 -1.73927 -2.6
    endloop
  endfacet
endsolid OpenSCAD_Model
